0.0000e+00 1.0000e+00
0.0000e+00 1.0000e+00
0.0000e+00 1.0000e+00
0.0000e+00 1.0000e+00
0.0000e+00 1.0000e+00
0.0000e+00 1.0000e+00
0.0000e+00 1.0000e+00
0.0000e+00 1.0000e+00
0.0000e+00 1.0000e+00
0.0000e+00 1.0000e+00
0.0000e+00 1.0000e+00
0.0000e+00 1.0000e+00
0.0000e+00 1.0000e+00
0.0000e+00 1.0000e+00
0.0000e+00 1.0000e+00
0.0000e+00 1.0000e+00
0.0000e+00 1.0000e+00
0.0000e+00 1.0000e+00
0.0000e+00 1.0000e+00
0.0000e+00 1.0000e+00
0.0000e+00 1.0000e+00
0.0000e+00 1.0000e+00
0.0000e+00 1.0000e+00
0.0000e+00 1.0000e+00
0.0000e+00 1.0000e+00
0.0000e+00 1.0000e+00
0.0000e+00 1.0000e+00
0.0000e+00 1.0000e+00
0.0000e+00 1.0000e+00
0.0000e+00 1.0000e+00
0.0000e+00 1.0000e+00
0.0000e+00 1.0000e+00
0.0000e+00 1.0000e+00
0.0000e+00 1.0000e+00
0.0000e+00 1.0000e+00
0.0000e+00 1.0000e+00
0.0000e+00 1.0000e+00
0.0000e+00 1.0000e+00
0.0000e+00 1.0000e+00
0.0000e+00 1.0000e+00
0.0000e+00 1.0000e+00
0.0000e+00 1.0000e+00
0.0000e+00 1.0000e+00
0.0000e+00 1.0000e+00
0.0000e+00 1.0000e+00
0.0000e+00 1.0000e+00
0.0000e+00 1.0000e+00
0.0000e+00 1.0000e+00
0.0000e+00 1.0000e+00
0.0000e+00 1.0000e+00
0.0000e+00 1.0000e+00
0.0000e+00 1.0000e+00
0.0000e+00 1.0000e+00
0.0000e+00 1.0000e+00
0.0000e+00 1.0000e+00
0.0000e+00 1.0000e+00
0.0000e+00 1.0000e+00
0.0000e+00 1.0000e+00
0.0000e+00 1.0000e+00
0.0000e+00 1.0000e+00
0.0000e+00 1.0000e+00
0.0000e+00 1.0000e+00
0.0000e+00 1.0000e+00
0.0000e+00 1.0000e+00
0.0000e+00 1.0000e+00
0.0000e+00 1.0000e+00
0.0000e+00 1.0000e+00
0.0000e+00 1.0000e+00
0.0000e+00 1.0000e+00
0.0000e+00 1.0000e+00
0.0000e+00 1.0000e+00
0.0000e+00 1.0000e+00
0.0000e+00 1.0000e+00
0.0000e+00 1.0000e+00
0.0000e+00 1.0000e+00
0.0000e+00 1.0000e+00
0.0000e+00 1.0000e+00
0.0000e+00 1.0000e+00
0.0000e+00 1.0000e+00
0.0000e+00 1.0000e+00
0.0000e+00 1.0000e+00
0.0000e+00 1.0000e+00
0.0000e+00 1.0000e+00
0.0000e+00 1.0000e+00
0.0000e+00 1.0000e+00
0.0000e+00 1.0000e+00
0.0000e+00 1.0000e+00
0.0000e+00 1.0000e+00
0.0000e+00 1.0000e+00
0.0000e+00 1.0000e+00
0.0000e+00 1.0000e+00
0.0000e+00 1.0000e+00
0.0000e+00 1.0000e+00
0.0000e+00 1.0000e+00
0.0000e+00 1.0000e+00
0.0000e+00 1.0000e+00
0.0000e+00 1.0000e+00
0.0000e+00 1.0000e+00
0.0000e+00 1.0000e+00
0.0000e+00 1.0000e+00
0.0000e+00 1.0000e+00
0.0000e+00 1.0000e+00
0.0000e+00 1.0000e+00
0.0000e+00 1.0000e+00
0.0000e+00 1.0000e+00
0.0000e+00 1.0000e+00
0.0000e+00 1.0000e+00
0.0000e+00 1.0000e+00
0.0000e+00 1.0000e+00
0.0000e+00 1.0000e+00
0.0000e+00 1.0000e+00
0.0000e+00 1.0000e+00
0.0000e+00 1.0000e+00
0.0000e+00 1.0000e+00
0.0000e+00 1.0000e+00
0.0000e+00 1.0000e+00
0.0000e+00 1.0000e+00
0.0000e+00 1.0000e+00
0.0000e+00 1.0000e+00
0.0000e+00 1.0000e+00
0.0000e+00 1.0000e+00
0.0000e+00 1.0000e+00
0.0000e+00 1.0000e+00
0.0000e+00 1.0000e+00
0.0000e+00 1.0000e+00
0.0000e+00 1.0000e+00
0.0000e+00 1.0000e+00
0.0000e+00 1.0000e+00
0.0000e+00 1.0000e+00
0.0000e+00 1.0000e+00
0.0000e+00 1.0000e+00
0.0000e+00 1.0000e+00
0.0000e+00 1.0000e+00
0.0000e+00 1.0000e+00
0.0000e+00 1.0000e+00
0.0000e+00 1.0000e+00
0.0000e+00 1.0000e+00
0.0000e+00 1.0000e+00
0.0000e+00 1.0000e+00
0.0000e+00 1.0000e+00
0.0000e+00 1.0000e+00
0.0000e+00 1.0000e+00
0.0000e+00 1.0000e+00
0.0000e+00 1.0000e+00
0.0000e+00 1.0000e+00
0.0000e+00 1.0000e+00
0.0000e+00 1.0000e+00
0.0000e+00 1.0000e+00
0.0000e+00 1.0000e+00
0.0000e+00 1.0000e+00
0.0000e+00 1.0000e+00
0.0000e+00 1.0000e+00
0.0000e+00 1.0000e+00
0.0000e+00 1.0000e+00
0.0000e+00 1.0000e+00
0.0000e+00 1.0000e+00
0.0000e+00 1.0000e+00
0.0000e+00 1.0000e+00
0.0000e+00 1.0000e+00
0.0000e+00 1.0000e+00
0.0000e+00 1.0000e+00
0.0000e+00 1.0000e+00
0.0000e+00 1.0000e+00
0.0000e+00 1.0000e+00
0.0000e+00 1.0000e+00
0.0000e+00 1.0000e+00
0.0000e+00 1.0000e+00
0.0000e+00 1.0000e+00
0.0000e+00 1.0000e+00
0.0000e+00 1.0000e+00
0.0000e+00 1.0000e+00
0.0000e+00 1.0000e+00
0.0000e+00 1.0000e+00
0.0000e+00 1.0000e+00
0.0000e+00 1.0000e+00
0.0000e+00 1.0000e+00
0.0000e+00 1.0000e+00
0.0000e+00 1.0000e+00
0.0000e+00 1.0000e+00
0.0000e+00 1.0000e+00
0.0000e+00 1.0000e+00
0.0000e+00 1.0000e+00
0.0000e+00 1.0000e+00
0.0000e+00 1.0000e+00
0.0000e+00 1.0000e+00
0.0000e+00 1.0000e+00
0.0000e+00 1.0000e+00
0.0000e+00 1.0000e+00
0.0000e+00 1.0000e+00
0.0000e+00 1.0000e+00
0.0000e+00 1.0000e+00
0.0000e+00 1.0000e+00
0.0000e+00 1.0000e+00
0.0000e+00 1.0000e+00
0.0000e+00 1.0000e+00
0.0000e+00 1.0000e+00
0.0000e+00 1.0000e+00
0.0000e+00 1.0000e+00
0.0000e+00 1.0000e+00
0.0000e+00 1.0000e+00
0.0000e+00 1.0000e+00
0.0000e+00 1.0000e+00
0.0000e+00 1.0000e+00
0.0000e+00 1.0000e+00
0.0000e+00 1.0000e+00
0.0000e+00 1.0000e+00
0.0000e+00 1.0000e+00
0.0000e+00 1.0000e+00
0.0000e+00 1.0000e+00
0.0000e+00 1.0000e+00
0.0000e+00 1.0000e+00
0.0000e+00 1.0000e+00
0.0000e+00 1.0000e+00
0.0000e+00 1.0000e+00
0.0000e+00 1.0000e+00
0.0000e+00 1.0000e+00
0.0000e+00 1.0000e+00
0.0000e+00 1.0000e+00
0.0000e+00 1.0000e+00
0.0000e+00 1.0000e+00
0.0000e+00 1.0000e+00
0.0000e+00 1.0000e+00
0.0000e+00 1.0000e+00
0.0000e+00 1.0000e+00
0.0000e+00 1.0000e+00
0.0000e+00 1.0000e+00
0.0000e+00 1.0000e+00
0.0000e+00 1.0000e+00
0.0000e+00 1.0000e+00
0.0000e+00 1.0000e+00
0.0000e+00 1.0000e+00
0.0000e+00 1.0000e+00
0.0000e+00 1.0000e+00
0.0000e+00 1.0000e+00
0.0000e+00 1.0000e+00
0.0000e+00 1.0000e+00
0.0000e+00 1.0000e+00
0.0000e+00 1.0000e+00
0.0000e+00 1.0000e+00
0.0000e+00 1.0000e+00
0.0000e+00 1.0000e+00
0.0000e+00 1.0000e+00
0.0000e+00 1.0000e+00
0.0000e+00 1.0000e+00
0.0000e+00 1.0000e+00
0.0000e+00 1.0000e+00
0.0000e+00 1.0000e+00
0.0000e+00 1.0000e+00
0.0000e+00 1.0000e+00
0.0000e+00 1.0000e+00
0.0000e+00 1.0000e+00
0.0000e+00 1.0000e+00
0.0000e+00 1.0000e+00
0.0000e+00 1.0000e+00
0.0000e+00 1.0000e+00
0.0000e+00 1.0000e+00
0.0000e+00 1.0000e+00
0.0000e+00 1.0000e+00
0.0000e+00 1.0000e+00
0.0000e+00 1.0000e+00
0.0000e+00 1.0000e+00
0.0000e+00 1.0000e+00
0.0000e+00 1.0000e+00
0.0000e+00 1.0000e+00
0.0000e+00 1.0000e+00
0.0000e+00 1.0000e+00
0.0000e+00 1.0000e+00
0.0000e+00 1.0000e+00
0.0000e+00 1.0000e+00
0.0000e+00 1.0000e+00
0.0000e+00 1.0000e+00
0.0000e+00 1.0000e+00
0.0000e+00 1.0000e+00
0.0000e+00 1.0000e+00
0.0000e+00 1.0000e+00
0.0000e+00 1.0000e+00
0.0000e+00 1.0000e+00
0.0000e+00 1.0000e+00
0.0000e+00 1.0000e+00
0.0000e+00 1.0000e+00
0.0000e+00 1.0000e+00
0.0000e+00 1.0000e+00
0.0000e+00 1.0000e+00
0.0000e+00 1.0000e+00
0.0000e+00 1.0000e+00
0.0000e+00 1.0000e+00
0.0000e+00 1.0000e+00
0.0000e+00 1.0000e+00
0.0000e+00 1.0000e+00
0.0000e+00 1.0000e+00
0.0000e+00 1.0000e+00
0.0000e+00 1.0000e+00
0.0000e+00 1.0000e+00
0.0000e+00 1.0000e+00
0.0000e+00 1.0000e+00
0.0000e+00 1.0000e+00
0.0000e+00 1.0000e+00
0.0000e+00 1.0000e+00
0.0000e+00 1.0000e+00
0.0000e+00 1.0000e+00
0.0000e+00 1.0000e+00
0.0000e+00 1.0000e+00
0.0000e+00 1.0000e+00
0.0000e+00 1.0000e+00
0.0000e+00 1.0000e+00
0.0000e+00 1.0000e+00
0.0000e+00 1.0000e+00
0.0000e+00 1.0000e+00
0.0000e+00 1.0000e+00
0.0000e+00 1.0000e+00
0.0000e+00 1.0000e+00
0.0000e+00 1.0000e+00
0.0000e+00 1.0000e+00
0.0000e+00 1.0000e+00
0.0000e+00 1.0000e+00
0.0000e+00 1.0000e+00
0.0000e+00 1.0000e+00
0.0000e+00 1.0000e+00
0.0000e+00 1.0000e+00
0.0000e+00 1.0000e+00
0.0000e+00 1.0000e+00
0.0000e+00 1.0000e+00
0.0000e+00 1.0000e+00
0.0000e+00 1.0000e+00
0.0000e+00 1.0000e+00
0.0000e+00 1.0000e+00
0.0000e+00 1.0000e+00
0.0000e+00 1.0000e+00
0.0000e+00 1.0000e+00
0.0000e+00 1.0000e+00
0.0000e+00 1.0000e+00
0.0000e+00 1.0000e+00
0.0000e+00 1.0000e+00
0.0000e+00 1.0000e+00
0.0000e+00 1.0000e+00
0.0000e+00 1.0000e+00
0.0000e+00 1.0000e+00
0.0000e+00 1.0000e+00
0.0000e+00 1.0000e+00
0.0000e+00 1.0000e+00
0.0000e+00 1.0000e+00
0.0000e+00 1.0000e+00
0.0000e+00 1.0000e+00
0.0000e+00 1.0000e+00
0.0000e+00 1.0000e+00
0.0000e+00 1.0000e+00
0.0000e+00 1.0000e+00
0.0000e+00 1.0000e+00
0.0000e+00 1.0000e+00
0.0000e+00 1.0000e+00
0.0000e+00 1.0000e+00
0.0000e+00 1.0000e+00
0.0000e+00 1.0000e+00
0.0000e+00 1.0000e+00
0.0000e+00 1.0000e+00
0.0000e+00 1.0000e+00
0.0000e+00 1.0000e+00
0.0000e+00 1.0000e+00
0.0000e+00 1.0000e+00
0.0000e+00 1.0000e+00
0.0000e+00 1.0000e+00
0.0000e+00 1.0000e+00
0.0000e+00 1.0000e+00
0.0000e+00 1.0000e+00
0.0000e+00 1.0000e+00
0.0000e+00 1.0000e+00
0.0000e+00 1.0000e+00
0.0000e+00 1.0000e+00
0.0000e+00 1.0000e+00
0.0000e+00 1.0000e+00
0.0000e+00 1.0000e+00
0.0000e+00 1.0000e+00
0.0000e+00 1.0000e+00
0.0000e+00 1.0000e+00
0.0000e+00 1.0000e+00
0.0000e+00 1.0000e+00
0.0000e+00 1.0000e+00
0.0000e+00 1.0000e+00
0.0000e+00 1.0000e+00
0.0000e+00 1.0000e+00
0.0000e+00 1.0000e+00
0.0000e+00 1.0000e+00
0.0000e+00 1.0000e+00
0.0000e+00 1.0000e+00
0.0000e+00 1.0000e+00
0.0000e+00 1.0000e+00
0.0000e+00 1.0000e+00
0.0000e+00 1.0000e+00
0.0000e+00 1.0000e+00
0.0000e+00 1.0000e+00
0.0000e+00 1.0000e+00
0.0000e+00 1.0000e+00
0.0000e+00 1.0000e+00
0.0000e+00 1.0000e+00
0.0000e+00 1.0000e+00
0.0000e+00 1.0000e+00
0.0000e+00 1.0000e+00
0.0000e+00 1.0000e+00
0.0000e+00 1.0000e+00
0.0000e+00 1.0000e+00
0.0000e+00 1.0000e+00
0.0000e+00 1.0000e+00
0.0000e+00 1.0000e+00
0.0000e+00 1.0000e+00
0.0000e+00 1.0000e+00
0.0000e+00 1.0000e+00
0.0000e+00 1.0000e+00
0.0000e+00 1.0000e+00
0.0000e+00 1.0000e+00
0.0000e+00 1.0000e+00
0.0000e+00 1.0000e+00
0.0000e+00 1.0000e+00
0.0000e+00 1.0000e+00
0.0000e+00 1.0000e+00
0.0000e+00 1.0000e+00
0.0000e+00 1.0000e+00
0.0000e+00 1.0000e+00
0.0000e+00 1.0000e+00
0.0000e+00 1.0000e+00
0.0000e+00 1.0000e+00
0.0000e+00 1.0000e+00
0.0000e+00 1.0000e+00
0.0000e+00 1.0000e+00
0.0000e+00 1.0000e+00
0.0000e+00 1.0000e+00
0.0000e+00 1.0000e+00
0.0000e+00 1.0000e+00
0.0000e+00 1.0000e+00
0.0000e+00 1.0000e+00
0.0000e+00 1.0000e+00
0.0000e+00 1.0000e+00
0.0000e+00 1.0000e+00
0.0000e+00 1.0000e+00
0.0000e+00 1.0000e+00
0.0000e+00 1.0000e+00
0.0000e+00 1.0000e+00
0.0000e+00 1.0000e+00
0.0000e+00 1.0000e+00
0.0000e+00 1.0000e+00
0.0000e+00 1.0000e+00
0.0000e+00 1.0000e+00
0.0000e+00 1.0000e+00
0.0000e+00 1.0000e+00
0.0000e+00 1.0000e+00
0.0000e+00 1.0000e+00
0.0000e+00 1.0000e+00
0.0000e+00 1.0000e+00
0.0000e+00 1.0000e+00
0.0000e+00 1.0000e+00
0.0000e+00 1.0000e+00
0.0000e+00 1.0000e+00
0.0000e+00 1.0000e+00
0.0000e+00 1.0000e+00
0.0000e+00 1.0000e+00
0.0000e+00 1.0000e+00
0.0000e+00 1.0000e+00
0.0000e+00 1.0000e+00
0.0000e+00 1.0000e+00
0.0000e+00 1.0000e+00
0.0000e+00 1.0000e+00
0.0000e+00 1.0000e+00
0.0000e+00 1.0000e+00
0.0000e+00 1.0000e+00
0.0000e+00 1.0000e+00
0.0000e+00 1.0000e+00
0.0000e+00 1.0000e+00
0.0000e+00 1.0000e+00
0.0000e+00 1.0000e+00
0.0000e+00 1.0000e+00
0.0000e+00 1.0000e+00
0.0000e+00 1.0000e+00
0.0000e+00 1.0000e+00
0.0000e+00 1.0000e+00
0.0000e+00 1.0000e+00
0.0000e+00 1.0000e+00
0.0000e+00 1.0000e+00
0.0000e+00 1.0000e+00
0.0000e+00 1.0000e+00
0.0000e+00 1.0000e+00
0.0000e+00 1.0000e+00
0.0000e+00 1.0000e+00
0.0000e+00 1.0000e+00
0.0000e+00 1.0000e+00
0.0000e+00 1.0000e+00
0.0000e+00 1.0000e+00
0.0000e+00 1.0000e+00
0.0000e+00 1.0000e+00
0.0000e+00 1.0000e+00
0.0000e+00 1.0000e+00
0.0000e+00 1.0000e+00
0.0000e+00 1.0000e+00
0.0000e+00 1.0000e+00
0.0000e+00 1.0000e+00
0.0000e+00 1.0000e+00
0.0000e+00 1.0000e+00
0.0000e+00 1.0000e+00
0.0000e+00 1.0000e+00
0.0000e+00 1.0000e+00
0.0000e+00 1.0000e+00
0.0000e+00 1.0000e+00
0.0000e+00 1.0000e+00
0.0000e+00 1.0000e+00
0.0000e+00 1.0000e+00
0.0000e+00 1.0000e+00
0.0000e+00 1.0000e+00
0.0000e+00 1.0000e+00
0.0000e+00 1.0000e+00
0.0000e+00 1.0000e+00
0.0000e+00 1.0000e+00
0.0000e+00 1.0000e+00
0.0000e+00 1.0000e+00
0.0000e+00 1.0000e+00
0.0000e+00 1.0000e+00
0.0000e+00 1.0000e+00
0.0000e+00 1.0000e+00
0.0000e+00 1.0000e+00
0.0000e+00 1.0000e+00
0.0000e+00 1.0000e+00
0.0000e+00 1.0000e+00
0.0000e+00 1.0000e+00
0.0000e+00 1.0000e+00
0.0000e+00 1.0000e+00
0.0000e+00 1.0000e+00
0.0000e+00 1.0000e+00
0.0000e+00 1.0000e+00
0.0000e+00 1.0000e+00
0.0000e+00 1.0000e+00
0.0000e+00 1.0000e+00
0.0000e+00 1.0000e+00
0.0000e+00 1.0000e+00
0.0000e+00 1.0000e+00
0.0000e+00 1.0000e+00
0.0000e+00 1.0000e+00
0.0000e+00 1.0000e+00
0.0000e+00 1.0000e+00
0.0000e+00 1.0000e+00
0.0000e+00 1.0000e+00
0.0000e+00 1.0000e+00
0.0000e+00 1.0000e+00
0.0000e+00 1.0000e+00
0.0000e+00 1.0000e+00
0.0000e+00 1.0000e+00
0.0000e+00 1.0000e+00
0.0000e+00 1.0000e+00
0.0000e+00 1.0000e+00
0.0000e+00 1.0000e+00
0.0000e+00 1.0000e+00
0.0000e+00 1.0000e+00
0.0000e+00 1.0000e+00
0.0000e+00 1.0000e+00
0.0000e+00 1.0000e+00
0.0000e+00 1.0000e+00
0.0000e+00 1.0000e+00
0.0000e+00 1.0000e+00
0.0000e+00 1.0000e+00
0.0000e+00 1.0000e+00
0.0000e+00 1.0000e+00
0.0000e+00 1.0000e+00
0.0000e+00 1.0000e+00
0.0000e+00 1.0000e+00
0.0000e+00 1.0000e+00
0.0000e+00 1.0000e+00
0.0000e+00 1.0000e+00
0.0000e+00 1.0000e+00
0.0000e+00 1.0000e+00
0.0000e+00 1.0000e+00
0.0000e+00 1.0000e+00
0.0000e+00 1.0000e+00
0.0000e+00 1.0000e+00
0.0000e+00 1.0000e+00
0.0000e+00 1.0000e+00
0.0000e+00 1.0000e+00
0.0000e+00 1.0000e+00
0.0000e+00 1.0000e+00
0.0000e+00 1.0000e+00
0.0000e+00 1.0000e+00
0.0000e+00 1.0000e+00
0.0000e+00 1.0000e+00
0.0000e+00 1.0000e+00
0.0000e+00 1.0000e+00
0.0000e+00 1.0000e+00
0.0000e+00 1.0000e+00
0.0000e+00 1.0000e+00
0.0000e+00 1.0000e+00
0.0000e+00 1.0000e+00
0.0000e+00 1.0000e+00
0.0000e+00 1.0000e+00
0.0000e+00 1.0000e+00
0.0000e+00 1.0000e+00
0.0000e+00 1.0000e+00
0.0000e+00 1.0000e+00
0.0000e+00 1.0000e+00
0.0000e+00 1.0000e+00
0.0000e+00 1.0000e+00
0.0000e+00 1.0000e+00
0.0000e+00 1.0000e+00
0.0000e+00 1.0000e+00
0.0000e+00 1.0000e+00
0.0000e+00 1.0000e+00
0.0000e+00 1.0000e+00
0.0000e+00 1.0000e+00
0.0000e+00 1.0000e+00
0.0000e+00 1.0000e+00
0.0000e+00 1.0000e+00
0.0000e+00 1.0000e+00
0.0000e+00 1.0000e+00
0.0000e+00 1.0000e+00
0.0000e+00 1.0000e+00
0.0000e+00 1.0000e+00
0.0000e+00 1.0000e+00
0.0000e+00 1.0000e+00
0.0000e+00 1.0000e+00
0.0000e+00 1.0000e+00
0.0000e+00 1.0000e+00
0.0000e+00 1.0000e+00
0.0000e+00 1.0000e+00
0.0000e+00 1.0000e+00
0.0000e+00 1.0000e+00
0.0000e+00 1.0000e+00
0.0000e+00 1.0000e+00
0.0000e+00 1.0000e+00
0.0000e+00 1.0000e+00
0.0000e+00 1.0000e+00
0.0000e+00 1.0000e+00
0.0000e+00 1.0000e+00
0.0000e+00 1.0000e+00
0.0000e+00 1.0000e+00
0.0000e+00 1.0000e+00
0.0000e+00 1.0000e+00
0.0000e+00 1.0000e+00
0.0000e+00 1.0000e+00
0.0000e+00 1.0000e+00
0.0000e+00 1.0000e+00
0.0000e+00 1.0000e+00
0.0000e+00 1.0000e+00
0.0000e+00 1.0000e+00
0.0000e+00 1.0000e+00
0.0000e+00 1.0000e+00
0.0000e+00 1.0000e+00
0.0000e+00 1.0000e+00
0.0000e+00 1.0000e+00
0.0000e+00 1.0000e+00
0.0000e+00 1.0000e+00
0.0000e+00 1.0000e+00
0.0000e+00 1.0000e+00
0.0000e+00 1.0000e+00
0.0000e+00 1.0000e+00
0.0000e+00 1.0000e+00
0.0000e+00 1.0000e+00
0.0000e+00 1.0000e+00
0.0000e+00 1.0000e+00
0.0000e+00 1.0000e+00
0.0000e+00 1.0000e+00
0.0000e+00 1.0000e+00
0.0000e+00 1.0000e+00
0.0000e+00 1.0000e+00
0.0000e+00 1.0000e+00
0.0000e+00 1.0000e+00
0.0000e+00 1.0000e+00
0.0000e+00 1.0000e+00
0.0000e+00 1.0000e+00
0.0000e+00 1.0000e+00
0.0000e+00 1.0000e+00
0.0000e+00 1.0000e+00
0.0000e+00 1.0000e+00
0.0000e+00 1.0000e+00
0.0000e+00 1.0000e+00
0.0000e+00 1.0000e+00
0.0000e+00 1.0000e+00
0.0000e+00 1.0000e+00
0.0000e+00 1.0000e+00
0.0000e+00 1.0000e+00
0.0000e+00 1.0000e+00
0.0000e+00 1.0000e+00
0.0000e+00 1.0000e+00
0.0000e+00 1.0000e+00
0.0000e+00 1.0000e+00
0.0000e+00 1.0000e+00
0.0000e+00 1.0000e+00
0.0000e+00 1.0000e+00
0.0000e+00 1.0000e+00
0.0000e+00 1.0000e+00
0.0000e+00 1.0000e+00
0.0000e+00 1.0000e+00
0.0000e+00 1.0000e+00
0.0000e+00 1.0000e+00
0.0000e+00 1.0000e+00
0.0000e+00 1.0000e+00
0.0000e+00 1.0000e+00
0.0000e+00 1.0000e+00
0.0000e+00 1.0000e+00
0.0000e+00 1.0000e+00
0.0000e+00 1.0000e+00
0.0000e+00 1.0000e+00
0.0000e+00 1.0000e+00
0.0000e+00 1.0000e+00
0.0000e+00 1.0000e+00
0.0000e+00 1.0000e+00
0.0000e+00 1.0000e+00
0.0000e+00 1.0000e+00
0.0000e+00 1.0000e+00
0.0000e+00 1.0000e+00
0.0000e+00 1.0000e+00
0.0000e+00 1.0000e+00
0.0000e+00 1.0000e+00
0.0000e+00 1.0000e+00
0.0000e+00 1.0000e+00
0.0000e+00 1.0000e+00
0.0000e+00 1.0000e+00
0.0000e+00 1.0000e+00
0.0000e+00 1.0000e+00
0.0000e+00 1.0000e+00
0.0000e+00 1.0000e+00
0.0000e+00 1.0000e+00
0.0000e+00 1.0000e+00
0.0000e+00 1.0000e+00
0.0000e+00 1.0000e+00
0.0000e+00 1.0000e+00
0.0000e+00 1.0000e+00
0.0000e+00 1.0000e+00
0.0000e+00 1.0000e+00
0.0000e+00 1.0000e+00
0.0000e+00 1.0000e+00
0.0000e+00 1.0000e+00
0.0000e+00 1.0000e+00
0.0000e+00 1.0000e+00
0.0000e+00 1.0000e+00
0.0000e+00 1.0000e+00
0.0000e+00 1.0000e+00
0.0000e+00 1.0000e+00
0.0000e+00 1.0000e+00
0.0000e+00 1.0000e+00
0.0000e+00 1.0000e+00
0.0000e+00 1.0000e+00
0.0000e+00 1.0000e+00
0.0000e+00 1.0000e+00
0.0000e+00 1.0000e+00
0.0000e+00 1.0000e+00
0.0000e+00 1.0000e+00
0.0000e+00 1.0000e+00
0.0000e+00 1.0000e+00
0.0000e+00 1.0000e+00
0.0000e+00 1.0000e+00
0.0000e+00 1.0000e+00
0.0000e+00 1.0000e+00
0.0000e+00 1.0000e+00
0.0000e+00 1.0000e+00
0.0000e+00 1.0000e+00
0.0000e+00 1.0000e+00
0.0000e+00 1.0000e+00
0.0000e+00 1.0000e+00
0.0000e+00 1.0000e+00
0.0000e+00 1.0000e+00
0.0000e+00 1.0000e+00
0.0000e+00 1.0000e+00
0.0000e+00 1.0000e+00
0.0000e+00 1.0000e+00
0.0000e+00 1.0000e+00
0.0000e+00 1.0000e+00
0.0000e+00 1.0000e+00
0.0000e+00 1.0000e+00
0.0000e+00 1.0000e+00
0.0000e+00 1.0000e+00
0.0000e+00 1.0000e+00
0.0000e+00 1.0000e+00
0.0000e+00 1.0000e+00
0.0000e+00 1.0000e+00
0.0000e+00 1.0000e+00
0.0000e+00 1.0000e+00
0.0000e+00 1.0000e+00
0.0000e+00 1.0000e+00
0.0000e+00 1.0000e+00
0.0000e+00 1.0000e+00
0.0000e+00 1.0000e+00
0.0000e+00 1.0000e+00
0.0000e+00 1.0000e+00
0.0000e+00 1.0000e+00
0.0000e+00 1.0000e+00
0.0000e+00 1.0000e+00
0.0000e+00 1.0000e+00
0.0000e+00 1.0000e+00
0.0000e+00 1.0000e+00
0.0000e+00 1.0000e+00
0.0000e+00 1.0000e+00
0.0000e+00 1.0000e+00
0.0000e+00 1.0000e+00
0.0000e+00 1.0000e+00
0.0000e+00 1.0000e+00
0.0000e+00 1.0000e+00
0.0000e+00 1.0000e+00
0.0000e+00 1.0000e+00
0.0000e+00 1.0000e+00
0.0000e+00 1.0000e+00
0.0000e+00 1.0000e+00
0.0000e+00 1.0000e+00
0.0000e+00 1.0000e+00
0.0000e+00 1.0000e+00
0.0000e+00 1.0000e+00
0.0000e+00 1.0000e+00
0.0000e+00 1.0000e+00
0.0000e+00 1.0000e+00
0.0000e+00 1.0000e+00
0.0000e+00 1.0000e+00
0.0000e+00 1.0000e+00
0.0000e+00 1.0000e+00
0.0000e+00 1.0000e+00
0.0000e+00 1.0000e+00
0.0000e+00 1.0000e+00
0.0000e+00 1.0000e+00
0.0000e+00 1.0000e+00
0.0000e+00 1.0000e+00
0.0000e+00 1.0000e+00
0.0000e+00 1.0000e+00
0.0000e+00 1.0000e+00
0.0000e+00 1.0000e+00
0.0000e+00 1.0000e+00
0.0000e+00 1.0000e+00
0.0000e+00 1.0000e+00
0.0000e+00 1.0000e+00
0.0000e+00 1.0000e+00
0.0000e+00 1.0000e+00
0.0000e+00 1.0000e+00
0.0000e+00 1.0000e+00
0.0000e+00 1.0000e+00
7.9405e-07 1.0064e-06
8.1437e-07 1.0373e-06
8.6703e-07 1.0692e-06
9.1804e-07 1.1019e-06
9.3828e-07 1.1357e-06
9.4485e-07 1.1704e-06
9.6900e-07 1.2059e-06
1.0071e-06 1.2424e-06
1.0347e-06 1.2800e-06
1.0265e-06 1.3186e-06
1.0296e-06 1.3583e-06
1.0886e-06 1.3991e-06
1.1397e-06 1.4411e-06
1.1599e-06 1.4843e-06
1.1825e-06 1.5287e-06
1.2090e-06 1.5744e-06
1.2536e-06 1.6214e-06
1.3319e-06 1.6697e-06
1.3937e-06 1.7194e-06
1.4066e-06 1.7706e-06
1.4070e-06 1.8231e-06
1.4352e-06 1.8772e-06
1.5038e-06 1.9327e-06
1.5977e-06 1.9899e-06
1.6480e-06 2.0486e-06
1.6458e-06 2.1090e-06
1.6568e-06 2.1711e-06
1.6905e-06 2.2349e-06
1.7595e-06 2.3005e-06
1.8726e-06 2.3680e-06
1.9694e-06 2.4372e-06
2.0114e-06 2.5083e-06
2.0307e-06 2.5811e-06
2.0716e-06 2.6556e-06
2.1400e-06 2.7322e-06
2.2105e-06 2.8108e-06
2.2684e-06 2.8916e-06
2.2970e-06 2.9747e-06
2.3120e-06 3.0602e-06
2.3481e-06 3.1485e-06
2.4412e-06 3.2404e-06
2.5746e-06 3.3358e-06
2.6759e-06 3.4343e-06
2.7232e-06 3.5357e-06
2.7713e-06 3.6399e-06
2.8620e-06 3.7472e-06
2.9768e-06 3.8574e-06
3.1333e-06 3.9708e-06
3.3250e-06 4.0875e-06
3.4799e-06 4.2075e-06
3.5521e-06 4.3310e-06
3.6017e-06 4.4580e-06
3.6549e-06 4.5886e-06
3.7048e-06 4.7228e-06
3.8044e-06 4.8609e-06
3.9719e-06 5.0028e-06
4.1116e-06 5.1485e-06
4.2158e-06 5.2981e-06
4.3381e-06 5.4518e-06
4.4147e-06 5.6098e-06
4.5188e-06 5.7723e-06
4.7152e-06 5.9392e-06
4.9110e-06 6.1109e-06
5.0862e-06 6.2873e-06
5.2975e-06 6.4684e-06
5.5649e-06 6.6540e-06
5.7245e-06 6.8442e-06
5.7548e-06 7.0394e-06
5.8829e-06 7.2398e-06
6.1676e-06 7.4457e-06
6.4245e-06 7.6573e-06
6.5991e-06 7.8747e-06
6.8563e-06 8.0981e-06
7.1238e-06 8.3278e-06
7.3249e-06 8.5650e-06
7.4577e-06 8.8103e-06
7.6082e-06 9.0632e-06
7.8611e-06 9.3234e-06
8.0836e-06 9.5908e-06
8.2466e-06 9.8655e-06
8.4574e-06 1.0148e-05
8.8120e-06 1.0438e-05
9.1494e-06 1.0736e-05
9.3426e-06 1.1042e-05
9.3899e-06 1.1357e-05
9.4258e-06 1.1680e-05
9.7163e-06 1.2012e-05
1.0008e-05 1.2353e-05
1.0203e-05 1.2704e-05
1.0466e-05 1.3064e-05
1.0720e-05 1.3434e-05
1.0923e-05 1.3821e-05
1.1129e-05 1.4248e-05
1.1561e-05 1.4724e-05
1.2105e-05 1.5197e-05
1.2316e-05 1.5643e-05
1.2306e-05 1.6084e-05
1.2409e-05 1.6536e-05
1.2707e-05 1.6999e-05
1.3143e-05 1.7475e-05
1.3605e-05 1.7962e-05
1.4027e-05 1.8462e-05
1.4411e-05 1.8975e-05
1.4851e-05 1.9502e-05
1.5364e-05 2.0042e-05
1.5907e-05 2.0597e-05
1.6425e-05 2.1167e-05
1.7000e-05 2.1750e-05
1.7780e-05 2.2342e-05
1.8773e-05 2.2936e-05
1.9604e-05 2.3532e-05
2.0127e-05 2.4138e-05
2.0550e-05 2.4759e-05
2.1150e-05 2.5396e-05
2.1915e-05 2.6048e-05
2.2598e-05 2.6717e-05
2.3034e-05 2.7402e-05
2.3708e-05 2.8105e-05
2.4971e-05 2.8824e-05
2.5979e-05 2.9562e-05
2.6339e-05 3.0318e-05
2.6679e-05 3.1093e-05
2.7390e-05 3.1886e-05
2.8585e-05 3.2700e-05
2.9726e-05 3.3534e-05
3.0451e-05 3.4388e-05
3.0664e-05 3.5264e-05
3.0890e-05 3.6161e-05
3.2040e-05 3.7080e-05
3.3968e-05 3.8021e-05
3.5276e-05 3.8987e-05
3.5333e-05 3.9975e-05
3.5418e-05 4.0988e-05
3.6908e-05 4.2026e-05
3.9039e-05 4.3087e-05
4.0348e-05 4.4172e-05
4.0743e-05 4.5284e-05
4.1070e-05 4.6422e-05
4.1982e-05 4.7588e-05
4.3311e-05 4.8783e-05
4.4343e-05 5.0007e-05
4.5188e-05 5.1260e-05
4.6482e-05 5.2540e-05
4.7769e-05 5.3843e-05
4.8841e-05 5.5169e-05
5.0401e-05 5.6523e-05
5.2283e-05 5.7909e-05
5.3871e-05 5.9329e-05
5.5265e-05 6.0782e-05
5.6610e-05 6.2270e-05
5.8499e-05 6.3794e-05
5.9739e-05 6.5355e-05
6.0516e-05 6.6953e-05
6.2128e-05 6.8588e-05
6.3384e-05 7.0263e-05
6.4508e-05 7.1978e-05
6.6506e-05 7.3733e-05
6.8657e-05 7.5531e-05
6.9862e-05 7.7372e-05
6.9574e-05 7.9256e-05
7.0191e-05 8.1186e-05
7.3181e-05 8.3161e-05
7.6024e-05 8.5183e-05
7.7444e-05 8.7254e-05
7.9420e-05 8.9374e-05
8.1719e-05 9.1544e-05
8.3882e-05 9.3766e-05
8.5476e-05 9.6042e-05
8.6741e-05 9.8372e-05
8.9539e-05 1.0076e-04
9.3015e-05 1.0320e-04
9.5337e-05 1.0571e-04
9.7254e-05 1.0827e-04
1.0006e-04 1.1089e-04
1.0313e-04 1.1358e-04
1.0550e-04 1.1633e-04
1.0785e-04 1.1914e-04
1.1005e-04 1.2203e-04
1.1184e-04 1.2500e-04
1.1390e-04 1.2804e-04
1.1570e-04 1.3116e-04
1.1719e-04 1.3436e-04
1.1891e-04 1.3763e-04
1.2065e-04 1.4098e-04
1.2268e-04 1.4440e-04
1.2557e-04 1.4791e-04
1.2940e-04 1.5150e-04
1.3351e-04 1.5517e-04
1.3727e-04 1.5893e-04
1.4068e-04 1.6278e-04
1.4415e-04 1.6672e-04
1.4831e-04 1.7075e-04
1.5298e-04 1.7488e-04
1.5804e-04 1.7910e-04
1.6374e-04 1.8342e-04
1.7019e-04 1.8784e-04
1.7673e-04 1.9237e-04
1.8267e-04 1.9700e-04
1.8825e-04 2.0175e-04
1.9421e-04 2.0660e-04
2.0015e-04 2.1156e-04
2.0430e-04 2.1665e-04
2.0707e-04 2.2186e-04
2.1299e-04 2.2722e-04
2.2086e-04 2.3270e-04
2.2673e-04 2.3831e-04
2.2961e-04 2.4406e-04
2.3211e-04 2.4994e-04
2.4006e-04 2.5595e-04
2.4992e-04 2.6211e-04
2.5603e-04 2.6841e-04
2.6104e-04 2.7487e-04
2.6808e-04 2.8148e-04
2.7623e-04 2.8827e-04
2.8497e-04 2.9521e-04
2.9232e-04 3.0232e-04
2.9892e-04 3.0959e-04
3.0706e-04 3.1703e-04
3.1376e-04 3.2464e-04
3.1903e-04 3.3243e-04
3.2553e-04 3.4040e-04
3.3405e-04 3.4855e-04
3.4372e-04 3.5689e-04
3.5098e-04 3.6542e-04
3.5605e-04 3.7416e-04
3.6245e-04 3.8309e-04
3.7253e-04 3.9223e-04
3.8508e-04 4.0157e-04
3.9759e-04 4.1114e-04
4.1101e-04 4.2094e-04
4.2235e-04 4.3096e-04
4.2990e-04 4.4121e-04
4.3829e-04 4.5170e-04
4.5049e-04 4.6242e-04
4.6332e-04 4.7339e-04
4.7356e-04 4.8461e-04
4.8282e-04 4.9610e-04
4.9475e-04 5.0787e-04
5.0832e-04 5.1994e-04
5.2145e-04 5.3229e-04
5.3478e-04 5.4492e-04
5.4879e-04 5.5784e-04
5.6179e-04 5.7106e-04
5.7283e-04 5.8457e-04
5.8349e-04 5.9839e-04
5.9348e-04 6.1253e-04
6.0573e-04 6.2701e-04
6.2149e-04 6.4183e-04
6.3910e-04 6.5699e-04
6.5522e-04 6.7251e-04
6.7083e-04 6.8837e-04
6.8982e-04 7.0459e-04
7.0752e-04 7.2118e-04
7.2180e-04 7.3814e-04
7.3670e-04 7.5549e-04
7.5448e-04 7.7323e-04
7.7497e-04 7.9136e-04
7.9602e-04 8.0991e-04
8.1552e-04 8.2887e-04
8.3276e-04 8.4826e-04
8.5198e-04 8.6808e-04
8.7353e-04 8.8835e-04
8.9135e-04 9.0907e-04
9.0469e-04 9.3028e-04
9.1632e-04 9.5196e-04
9.2975e-04 9.7412e-04
9.4829e-04 9.9678e-04
9.7528e-04 1.0199e-03
1.0099e-03 1.0436e-03
1.0408e-03 1.0678e-03
1.0670e-03 1.0926e-03
1.0933e-03 1.1180e-03
1.1176e-03 1.1439e-03
1.1430e-03 1.1705e-03
1.1743e-03 1.1977e-03
1.2083e-03 1.2254e-03
1.2378e-03 1.2538e-03
1.2623e-03 1.2828e-03
1.2874e-03 1.3124e-03
1.3176e-03 1.3427e-03
1.3523e-03 1.3737e-03
1.3854e-03 1.4054e-03
1.4159e-03 1.4378e-03
1.4428e-03 1.4709e-03
1.4698e-03 1.5048e-03
1.5040e-03 1.5394e-03
1.5388e-03 1.5747e-03
1.5708e-03 1.6108e-03
1.6065e-03 1.6477e-03
1.6443e-03 1.6855e-03
1.6838e-03 1.7240e-03
1.7273e-03 1.7634e-03
1.7731e-03 1.8036e-03
1.8165e-03 1.8447e-03
1.8563e-03 1.8867e-03
1.8959e-03 1.9297e-03
1.9384e-03 1.9735e-03
1.9841e-03 2.0183e-03
2.0302e-03 2.0641e-03
2.0725e-03 2.1109e-03
2.1152e-03 2.1587e-03
2.1607e-03 2.2075e-03
2.2097e-03 2.2574e-03
2.2612e-03 2.3084e-03
2.3086e-03 2.3604e-03
2.3519e-03 2.4137e-03
2.4012e-03 2.4683e-03
2.4622e-03 2.5240e-03
2.5277e-03 2.5810e-03
2.5900e-03 2.6391e-03
2.6474e-03 2.6985e-03
2.7058e-03 2.7592e-03
2.7708e-03 2.8212e-03
2.8333e-03 2.8845e-03
2.8912e-03 2.9491e-03
2.9482e-03 3.0152e-03
3.0080e-03 3.0827e-03
3.0739e-03 3.1517e-03
3.1410e-03 3.2221e-03
3.2076e-03 3.2941e-03
3.2809e-03 3.3676e-03
3.3593e-03 3.4426e-03
3.4356e-03 3.5192e-03
3.5092e-03 3.5974e-03
3.5760e-03 3.6773e-03
3.6507e-03 3.7588e-03
3.7422e-03 3.8421e-03
3.8352e-03 3.9271e-03
3.9257e-03 4.0139e-03
4.0161e-03 4.1025e-03
4.1040e-03 4.1929e-03
4.1878e-03 4.2853e-03
4.2755e-03 4.3796e-03
4.3673e-03 4.4759e-03
4.4539e-03 4.5741e-03
4.5492e-03 4.6745e-03
4.6538e-03 4.7769e-03
4.7548e-03 4.8814e-03
4.8524e-03 4.9881e-03
4.9548e-03 5.0970e-03
5.0662e-03 5.2082e-03
5.1861e-03 5.3217e-03
5.3049e-03 5.4375e-03
5.4104e-03 5.5557e-03
5.5068e-03 5.6763e-03
5.6167e-03 5.7995e-03
5.7456e-03 5.9251e-03
5.8771e-03 6.0533e-03
6.0106e-03 6.1842e-03
6.1423e-03 6.3177e-03
6.2776e-03 6.4541e-03
6.4181e-03 6.5933e-03
6.5493e-03 6.7354e-03
6.6800e-03 6.8804e-03
6.8281e-03 7.0284e-03
6.9871e-03 7.1794e-03
7.1476e-03 7.3334e-03
7.2932e-03 7.4906e-03
7.4243e-03 7.6509e-03
7.5800e-03 7.8145e-03
7.7588e-03 7.9814e-03
7.9372e-03 8.1516e-03
8.1135e-03 8.3253e-03
8.2884e-03 8.5025e-03
8.4422e-03 8.6833e-03
8.5669e-03 8.8677e-03
8.7057e-03 9.0558e-03
8.8676e-03 9.2477e-03
9.0410e-03 9.4434e-03
9.2414e-03 9.6431e-03
9.4744e-03 9.8468e-03
9.7096e-03 1.0055e-02
9.9241e-03 1.0266e-02
1.0139e-02 1.0482e-02
1.0369e-02 1.0703e-02
1.0617e-02 1.0928e-02
1.0878e-02 1.1157e-02
1.1120e-02 1.1390e-02
1.1307e-02 1.1629e-02
1.1482e-02 1.1872e-02
1.1721e-02 1.2119e-02
1.2003e-02 1.2372e-02
1.2287e-02 1.2630e-02
1.2566e-02 1.2893e-02
1.2848e-02 1.3161e-02
1.3131e-02 1.3434e-02
1.3360e-02 1.3713e-02
1.3544e-02 1.3997e-02
1.3799e-02 1.4287e-02
1.4123e-02 1.4583e-02
1.4452e-02 1.4884e-02
1.4758e-02 1.5191e-02
1.5043e-02 1.5505e-02
1.5352e-02 1.5824e-02
1.5709e-02 1.6149e-02
1.6064e-02 1.6481e-02
1.6397e-02 1.6820e-02
1.6744e-02 1.7164e-02
1.7094e-02 1.7516e-02
1.7419e-02 1.7874e-02
1.7708e-02 1.8240e-02
1.8039e-02 1.8612e-02
1.8459e-02 1.8992e-02
1.8899e-02 1.9378e-02
1.9332e-02 1.9773e-02
1.9761e-02 2.0175e-02
2.0179e-02 2.0584e-02
2.0590e-02 2.1001e-02
2.0989e-02 2.1427e-02
2.1324e-02 2.1860e-02
2.1621e-02 2.2301e-02
2.2026e-02 2.2751e-02
2.2529e-02 2.3209e-02
2.3025e-02 2.3676e-02
2.3491e-02 2.4152e-02
2.3974e-02 2.4637e-02
2.4489e-02 2.5132e-02
2.5027e-02 2.5636e-02
2.5583e-02 2.6149e-02
2.6153e-02 2.6673e-02
2.6724e-02 2.7208e-02
2.7266e-02 2.7752e-02
2.7735e-02 2.8307e-02
2.8186e-02 2.8873e-02
2.8740e-02 2.9449e-02
2.9373e-02 3.0036e-02
2.9988e-02 3.0634e-02
3.0508e-02 3.1243e-02
3.0988e-02 3.1864e-02
3.1604e-02 3.2496e-02
3.2310e-02 3.3141e-02
3.3022e-02 3.3797e-02
3.3703e-02 3.4466e-02
3.4211e-02 3.5147e-02
3.4651e-02 3.5841e-02
3.5318e-02 3.6548e-02
3.6099e-02 3.7268e-02
3.6857e-02 3.8001e-02
3.7638e-02 3.8748e-02
3.8462e-02 3.9509e-02
3.9302e-02 4.0283e-02
4.0168e-02 4.1073e-02
4.1055e-02 4.1876e-02
4.1922e-02 4.2694e-02
4.2770e-02 4.3527e-02
4.3603e-02 4.4376e-02
4.4390e-02 4.5240e-02
4.5203e-02 4.6119e-02
4.6110e-02 4.7015e-02
4.7066e-02 4.7928e-02
4.8026e-02 4.8857e-02
4.8984e-02 4.9803e-02
4.9970e-02 5.0767e-02
5.0991e-02 5.1749e-02
5.2027e-02 5.2750e-02
5.3080e-02 5.3769e-02
5.4142e-02 5.4807e-02
5.5143e-02 5.5864e-02
5.5885e-02 5.6941e-02
5.6469e-02 5.8036e-02
5.7440e-02 5.9152e-02
5.8755e-02 6.0288e-02
6.0047e-02 6.1445e-02
6.1283e-02 6.2623e-02
6.2532e-02 6.3839e-02
6.4116e-02 6.5744e-02
6.8363e-02 7.3225e-02
8.0460e-02 9.6152e-02
9.7056e-02 1.2690e-01
1.0700e-01 1.4440e-01
1.0924e-01 1.4988e-01
1.0768e-01 1.5252e-01
1.0655e-01 1.5496e-01
1.0862e-01 1.5743e-01
1.1348e-01 1.5995e-01
1.1742e-01 1.6251e-01
1.1992e-01 1.6513e-01
1.2331e-01 1.6786e-01
1.2741e-01 1.7067e-01
1.3082e-01 1.7355e-01
1.3347e-01 1.7647e-01
1.3423e-01 1.7943e-01
1.3135e-01 1.8244e-01
1.2722e-01 1.8549e-01
1.2263e-01 1.8859e-01
1.1482e-01 1.9174e-01
1.1093e-01 1.9494e-01
1.1662e-01 1.9819e-01
1.2543e-01 2.0149e-01
1.3423e-01 2.0485e-01
1.4167e-01 2.0826e-01
1.4654e-01 2.1172e-01
1.5044e-01 2.1523e-01
1.5548e-01 2.1880e-01
1.6314e-01 2.2242e-01
1.6750e-01 2.2610e-01
1.6128e-01 2.2985e-01
1.5186e-01 2.3366e-01
1.5401e-01 2.3753e-01
1.6482e-01 2.4145e-01
1.7428e-01 2.4543e-01
1.8128e-01 2.4947e-01
1.8589e-01 2.5357e-01
1.8995e-01 2.5773e-01
1.9449e-01 2.6195e-01
2.0001e-01 2.6623e-01
2.0566e-01 2.7058e-01
2.0890e-01 2.7499e-01
2.1088e-01 2.7947e-01
2.1019e-01 2.8402e-01
2.1340e-01 2.8868e-01
2.2276e-01 2.9353e-01
2.3116e-01 2.9862e-01
2.3675e-01 3.0387e-01
2.4116e-01 3.0922e-01
2.4801e-01 3.1466e-01
2.5671e-01 3.2018e-01
2.6377e-01 3.2579e-01
2.6994e-01 3.3149e-01
2.7747e-01 3.3728e-01
2.8581e-01 3.4317e-01
2.9201e-01 3.4916e-01
2.9045e-01 3.5535e-01
2.7824e-01 3.6353e-01
2.6147e-01 3.8460e-01
2.6780e-01 4.3321e-01
3.0227e-01 4.8730e-01
3.3551e-01 5.1567e-01
3.5599e-01 5.2728e-01
3.6974e-01 5.3573e-01
3.8010e-01 5.4400e-01
3.9018e-01 5.5230e-01
4.0186e-01 5.6070e-01
4.1304e-01 5.6920e-01
4.1677e-01 5.7782e-01
4.1692e-01 5.8656e-01
4.2142e-01 5.9541e-01
4.2721e-01 6.0434e-01
4.3880e-01 6.1334e-01
4.5398e-01 6.2339e-01
4.6366e-01 6.4522e-01
4.7321e-01 7.1580e-01
4.8920e-01 8.4052e-01
5.2214e-01 9.3768e-01
5.6597e-01 9.7713e-01
6.0232e-01 9.9603e-01
6.2455e-01 1.0127e+00
6.0907e-01 1.0296e+00
5.8472e-01 1.0467e+00
5.9967e-01 1.0642e+00
6.2944e-01 1.0819e+00
6.5644e-01 1.0999e+00
6.8473e-01 1.1181e+00
7.1338e-01 1.1367e+00
7.4566e-01 1.1555e+00
7.9064e-01 1.1747e+00
8.3172e-01 1.1941e+00
8.5705e-01 1.2138e+00
8.7688e-01 1.2337e+00
8.8919e-01 1.2540e+00
8.7053e-01 1.2746e+00
8.2844e-01 1.2955e+00
8.0513e-01 1.3167e+00
7.8014e-01 1.3382e+00
7.2097e-01 1.3597e+00
6.8967e-01 1.3814e+00
7.1554e-01 1.4034e+00
7.7792e-01 1.4257e+00
8.6501e-01 1.4483e+00
9.3830e-01 1.4713e+00
9.8317e-01 1.4945e+00
1.0232e+00 1.5181e+00
1.0564e+00 1.5421e+00
1.0609e+00 1.5664e+00
1.0457e+00 1.5910e+00
9.9525e-01 1.6160e+00
9.2519e-01 1.6414e+00
9.5119e-01 1.6672e+00
1.0410e+00 1.6933e+00
1.0982e+00 1.7199e+00
1.1453e+00 1.7468e+00
1.2156e+00 1.7752e+00
1.2774e+00 1.8293e+00
1.3531e+00 2.0588e+00
1.5716e+00 2.6688e+00
1.8508e+00 3.3600e+00
2.0002e+00 3.6962e+00
2.0509e+00 3.7973e+00
2.1329e+00 3.8538e+00
2.2558e+00 3.9083e+00
2.3592e+00 3.9634e+00
2.3949e+00 4.0192e+00
2.4040e+00 4.0757e+00
2.4105e+00 4.1329e+00
2.3996e+00 4.1908e+00
2.4532e+00 4.2494e+00
2.5370e+00 4.3086e+00
2.6050e+00 4.3685e+00
2.6698e+00 4.4287e+00
2.6436e+00 4.4890e+00
2.5126e+00 4.5498e+00
2.4874e+00 4.6112e+00
2.6251e+00 4.6734e+00
2.7143e+00 4.7362e+00
2.5765e+00 4.7998e+00
2.2579e+00 4.8641e+00
2.1971e+00 4.9291e+00
2.4402e+00 4.9942e+00
2.7015e+00 5.0780e+00
2.9619e+00 5.3889e+00
3.4021e+00 6.7146e+00
3.9284e+00 9.2831e+00
4.1296e+00 1.1340e+01
4.1895e+00 1.2079e+01
4.4945e+00 1.2311e+01
4.8259e+00 1.2480e+01
4.6538e+00 1.2648e+01
4.4026e+00 1.2818e+01
4.7362e+00 1.2990e+01
5.1580e+00 1.3163e+01
5.4047e+00 1.3337e+01
5.5398e+00 1.3514e+01
5.7091e+00 1.3692e+01
5.9367e+00 1.3872e+01
6.2268e+00 1.4055e+01
6.6616e+00 1.4241e+01
6.9424e+00 1.4428e+01
6.8244e+00 1.4617e+01
6.3965e+00 1.4807e+01
6.3468e+00 1.5000e+01
6.8998e+00 1.5194e+01
7.2707e+00 1.5390e+01
7.3080e+00 1.5588e+01
7.6226e+00 1.5788e+01
8.0904e+00 1.5990e+01
8.2989e+00 1.6193e+01
8.4018e+00 1.6399e+01
8.2887e+00 1.6606e+01
7.6669e+00 1.6815e+01
7.0225e+00 1.7026e+01
6.5651e+00 1.7239e+01
6.8927e+00 1.7457e+01
7.9800e+00 1.7680e+01
8.5276e+00 1.7906e+01
9.0725e+00 1.8137e+01
9.5254e+00 1.8374e+01
8.9130e+00 1.8616e+01
7.9446e+00 1.8863e+01
8.1589e+00 1.9112e+01
9.3982e+00 1.9362e+01
1.0493e+01 1.9615e+01
1.0911e+01 1.9871e+01
1.1103e+01 2.0128e+01
1.1244e+01 2.0387e+01
1.1520e+01 2.0649e+01
1.2091e+01 2.0913e+01
1.2373e+01 2.1180e+01
1.1692e+01 2.1450e+01
1.0541e+01 2.1722e+01
1.0288e+01 2.1998e+01
1.0990e+01 2.2275e+01
1.1719e+01 2.2555e+01
1.2331e+01 2.2838e+01
1.3043e+01 2.3124e+01
1.3687e+01 2.3413e+01
1.3946e+01 2.3704e+01
1.3674e+01 2.3997e+01
1.3031e+01 2.4293e+01
1.3126e+01 2.4592e+01
1.3631e+01 2.4893e+01
1.3068e+01 2.5197e+01
1.2429e+01 2.5504e+01
1.2640e+01 2.5813e+01
1.3428e+01 2.6125e+01
1.4166e+01 2.6440e+01
1.4499e+01 2.6757e+01
1.4958e+01 2.7077e+01
1.6100e+01 2.7399e+01
1.6907e+01 2.7725e+01
1.6603e+01 2.8052e+01
1.6366e+01 2.8381e+01
1.6958e+01 2.8712e+01
1.7430e+01 2.9047e+01
1.7362e+01 2.9384e+01
1.7307e+01 2.9723e+01
1.7595e+01 3.0066e+01
1.8052e+01 3.0411e+01
1.8374e+01 3.0759e+01
1.7714e+01 3.1110e+01
1.6289e+01 3.1465e+01
1.5949e+01 3.1822e+01
1.6078e+01 3.2182e+01
1.5363e+01 3.2544e+01
1.4762e+01 3.2908e+01
1.5344e+01 3.3275e+01
1.5807e+01 3.3648e+01
1.6719e+01 3.4026e+01
1.8660e+01 3.4407e+01
2.0131e+01 3.4792e+01
2.0669e+01 3.5179e+01
2.0594e+01 3.5570e+01
2.0447e+01 3.5964e+01
2.0873e+01 3.6361e+01
2.1466e+01 3.6761e+01
2.1967e+01 3.7164e+01
2.3462e+01 3.7571e+01
2.5363e+01 3.7981e+01
2.5989e+01 3.8395e+01
2.5615e+01 3.8818e+01
2.5095e+01 3.9261e+01
2.4689e+01 3.9730e+01
2.4414e+01 4.0237e+01
2.4548e+01 4.0870e+01
2.4849e+01 4.1722e+01
2.5037e+01 4.2571e+01
2.5546e+01 4.3208e+01
2.6913e+01 4.3735e+01
2.8509e+01 4.4248e+01
2.9768e+01 4.4764e+01
3.1239e+01 4.5286e+01
3.2527e+01 4.5813e+01
3.3266e+01 4.6346e+01
3.3818e+01 4.6886e+01
3.3846e+01 4.7431e+01
3.2928e+01 4.7983e+01
3.1504e+01 4.8540e+01
3.0728e+01 4.9101e+01
3.1523e+01 4.9666e+01
3.3077e+01 5.0236e+01
3.4476e+01 5.0810e+01
3.5730e+01 5.1390e+01
3.6328e+01 5.1977e+01
3.6472e+01 5.2569e+01
3.7327e+01 5.3168e+01
3.8257e+01 5.3773e+01
3.8951e+01 5.4383e+01
3.9437e+01 5.5000e+01
3.9230e+01 5.5623e+01
3.8824e+01 5.6251e+01
3.8489e+01 5.6885e+01
3.8258e+01 5.7526e+01
3.8144e+01 5.8172e+01
3.6705e+01 5.8821e+01
3.1905e+01 5.9467e+01
2.3186e+01 6.0106e+01
1.5790e+01 6.0744e+01
1.3775e+01 6.1384e+01
1.3286e+01 6.2030e+01
1.5838e+01 6.2681e+01
2.4344e+01 6.3338e+01
3.3926e+01 6.4002e+01
4.0839e+01 6.4672e+01
4.4090e+01 6.5347e+01
4.5017e+01 6.6029e+01
4.6443e+01 6.6716e+01
4.7821e+01 6.7411e+01
4.7467e+01 6.8114e+01
4.7774e+01 6.8826e+01
4.9946e+01 6.9544e+01
5.1154e+01 7.0269e+01
5.1398e+01 7.0999e+01
5.2051e+01 7.1732e+01
5.2335e+01 7.2468e+01
5.2563e+01 7.3209e+01
5.5251e+01 7.3955e+01
5.9047e+01 7.4708e+01
6.0262e+01 7.5469e+01
5.9380e+01 7.6237e+01
5.8805e+01 7.7012e+01
5.9696e+01 7.7794e+01
6.0790e+01 7.8582e+01
6.0742e+01 7.9377e+01
6.0482e+01 8.0178e+01
6.1360e+01 8.0986e+01
6.3515e+01 8.1801e+01
6.5510e+01 8.2643e+01
6.6805e+01 8.3602e+01
6.7323e+01 8.4750e+01
6.6371e+01 8.5890e+01
6.4951e+01 8.6861e+01
6.5466e+01 8.7753e+01
6.7624e+01 8.8639e+01
6.9403e+01 8.9532e+01
7.0446e+01 9.0434e+01
7.0387e+01 9.1344e+01
7.0770e+01 9.2263e+01
7.3162e+01 9.3190e+01
7.4891e+01 9.4126e+01
7.5108e+01 9.5070e+01
7.4563e+01 9.6021e+01
7.5261e+01 9.6980e+01
7.7290e+01 9.7947e+01
7.9526e+01 9.8922e+01
8.1575e+01 9.9905e+01
8.2418e+01 1.0090e+02
8.2747e+01 1.0190e+02
8.2544e+01 1.0290e+02
8.1579e+01 1.0392e+02
8.1008e+01 1.0495e+02
7.8648e+01 1.0600e+02
7.6801e+01 1.0714e+02
8.1542e+01 1.0845e+02
8.7836e+01 1.0979e+02
9.1030e+01 1.1098e+02
9.0192e+01 1.1209e+02
8.9749e+01 1.1320e+02
9.2406e+01 1.1431e+02
9.4745e+01 1.1543e+02
9.6248e+01 1.1656e+02
9.8296e+01 1.1770e+02
1.0033e+02 1.1886e+02
1.0218e+02 1.2002e+02
1.0330e+02 1.2120e+02
1.0412e+02 1.2240e+02
1.0475e+02 1.2361e+02
1.0376e+02 1.2483e+02
1.0153e+02 1.2607e+02
1.0142e+02 1.2732e+02
1.0207e+02 1.2858e+02
1.0147e+02 1.2986e+02
1.0399e+02 1.3114e+02
1.0749e+02 1.3243e+02
1.0976e+02 1.3374e+02
1.1168e+02 1.3506e+02
1.1268e+02 1.3650e+02
1.1264e+02 1.4280e+02
1.1433e+02 1.8692e+02
1.2619e+02 3.2702e+02
1.4136e+02 5.0461e+02
1.4052e+02 5.9582e+02
1.3571e+02 6.1768e+02
1.4094e+02 6.2431e+02
1.4868e+02 6.2977e+02
1.6032e+02 6.3522e+02
1.8214e+02 6.4061e+02
2.0077e+02 6.4597e+02
2.1279e+02 6.5129e+02
2.2251e+02 6.5659e+02
2.2555e+02 6.6189e+02
2.3149e+02 6.6716e+02
2.4228e+02 6.7242e+02
2.3308e+02 6.7765e+02
2.2108e+02 6.8283e+02
2.2981e+02 6.8795e+02
2.5431e+02 6.9304e+02
2.6436e+02 6.9808e+02
2.5080e+02 7.0307e+02
2.5665e+02 7.0820e+02
2.8319e+02 7.1358e+02
2.8498e+02 7.1910e+02
2.8133e+02 7.2460e+02
3.0129e+02 7.3009e+02
3.1920e+02 7.3564e+02
3.1459e+02 7.4297e+02
2.8014e+02 7.6362e+02
2.5854e+02 8.1668e+02
2.8654e+02 8.7990e+02
3.1880e+02 9.1221e+02
3.2802e+02 9.2130e+02
3.3423e+02 9.2549e+02
3.3999e+02 9.2934e+02
3.4167e+02 9.3331e+02
3.3991e+02 9.3744e+02
3.2753e+02 9.4164e+02
3.3490e+02 9.4584e+02
3.5142e+02 9.5005e+02
3.4910e+02 9.5425e+02
3.3696e+02 9.5842e+02
3.3026e+02 9.6254e+02
3.2642e+02 9.6662e+02
3.3114e+02 9.7069e+02
3.5097e+02 9.7477e+02
3.5958e+02 9.7888e+02
3.4187e+02 9.8301e+02
3.2497e+02 9.8715e+02
3.3002e+02 9.9129e+02
3.2129e+02 9.9542e+02
2.9197e+02 9.9955e+02
2.8035e+02 1.0037e+03
3.1652e+02 1.0078e+03
3.5593e+02 1.0119e+03
3.6752e+02 1.0160e+03
3.7467e+02 1.0202e+03
3.6747e+02 1.0245e+03
3.5161e+02 1.0289e+03
3.7488e+02 1.0333e+03
3.9700e+02 1.0377e+03
3.8606e+02 1.0421e+03
3.6753e+02 1.0465e+03
3.8024e+02 1.0509e+03
4.1450e+02 1.0553e+03
4.2073e+02 1.0599e+03
4.3970e+02 1.0644e+03
4.6224e+02 1.0691e+03
4.5048e+02 1.0739e+03
4.1926e+02 1.0790e+03
4.0741e+02 1.0920e+03
4.5178e+02 1.1759e+03
5.0524e+02 1.4783e+03
5.2040e+02 1.9217e+03
4.8265e+02 2.1827e+03
4.4772e+02 2.2485e+03
4.8274e+02 2.2628e+03
5.2862e+02 2.2727e+03
4.7639e+02 2.2828e+03
4.2802e+02 2.2931e+03
4.7306e+02 2.3035e+03
5.4679e+02 2.3140e+03
6.1217e+02 2.3244e+03
6.6021e+02 2.3346e+03
6.8922e+02 2.3444e+03
7.1989e+02 2.3541e+03
7.7792e+02 2.3636e+03
8.5617e+02 2.3730e+03
8.7882e+02 2.3823e+03
8.2427e+02 2.3915e+03
7.8779e+02 2.4008e+03
7.8470e+02 2.4101e+03
7.5979e+02 2.4199e+03
7.5577e+02 2.4298e+03
8.0103e+02 2.4395e+03
8.3115e+02 2.4492e+03
8.2575e+02 2.4587e+03
8.1627e+02 2.4681e+03
7.8265e+02 2.4774e+03
6.9526e+02 2.4866e+03
6.0883e+02 2.4959e+03
5.8033e+02 2.5059e+03
5.9852e+02 2.5168e+03
6.3942e+02 2.5282e+03
6.7893e+02 2.5396e+03
6.9826e+02 2.5508e+03
7.3353e+02 2.5619e+03
7.7181e+02 2.5729e+03
7.6164e+02 2.5843e+03
7.3609e+02 2.6004e+03
7.8039e+02 2.6287e+03
8.4634e+02 2.6618e+03
8.5275e+02 2.6839e+03
8.2594e+02 2.6969e+03
8.3409e+02 2.7078e+03
8.1774e+02 2.7185e+03
7.9507e+02 2.7291e+03
8.4768e+02 2.7393e+03
9.1712e+02 2.7490e+03
9.0759e+02 2.7581e+03
7.8474e+02 2.7669e+03
6.6109e+02 2.7755e+03
6.5003e+02 2.7841e+03
7.2504e+02 2.7925e+03
8.3432e+02 2.8010e+03
8.7006e+02 2.8094e+03
7.8604e+02 2.8178e+03
6.9300e+02 2.8263e+03
7.3948e+02 2.8348e+03
8.7490e+02 2.8434e+03
8.8779e+02 2.8520e+03
7.8236e+02 2.8605e+03
7.6995e+02 2.8691e+03
8.7471e+02 2.8775e+03
9.2337e+02 2.8858e+03
9.7754e+02 2.8938e+03
1.0381e+03 2.9019e+03
1.0430e+03 2.9100e+03
1.0843e+03 2.9180e+03
1.1470e+03 2.9258e+03
1.1576e+03 2.9337e+03
1.2018e+03 2.9418e+03
1.1696e+03 2.9501e+03
9.5339e+02 2.9584e+03
7.7993e+02 2.9667e+03
7.9125e+02 2.9749e+03
9.2665e+02 2.9831e+03
1.0532e+03 2.9913e+03
1.0661e+03 2.9999e+03
1.0490e+03 3.0085e+03
1.0664e+03 3.0165e+03
1.0630e+03 3.0282e+03
1.1071e+03 3.0879e+03
1.1405e+03 3.3456e+03
1.0671e+03 3.8098e+03
1.0438e+03 4.1403e+03
1.0850e+03 4.2279e+03
1.0690e+03 4.2311e+03
1.0986e+03 4.2246e+03
1.2395e+03 4.2178e+03
1.2662e+03 4.2106e+03
1.1438e+03 4.2031e+03
1.0781e+03 4.1957e+03
1.1962e+03 4.1886e+03
1.3068e+03 4.1814e+03
1.2651e+03 4.1742e+03
1.2751e+03 4.1670e+03
1.3269e+03 4.1599e+03
1.2797e+03 4.1554e+03
1.2854e+03 4.1601e+03
1.4011e+03 4.1722e+03
1.5013e+03 4.1748e+03
1.5121e+03 4.1654e+03
1.4327e+03 4.1525e+03
1.4379e+03 4.1394e+03
1.4855e+03 4.1267e+03
1.3958e+03 4.1145e+03
1.2855e+03 4.1029e+03
1.2774e+03 4.0918e+03
1.3694e+03 4.0808e+03
1.4797e+03 4.0699e+03
1.5778e+03 4.0593e+03
1.6204e+03 4.0533e+03
1.7094e+03 4.0835e+03
1.8558e+03 4.2067e+03
1.9351e+03 4.3662e+03
1.9317e+03 4.4371e+03
1.8112e+03 4.4363e+03
1.6797e+03 4.4196e+03
1.6623e+03 4.4021e+03
1.7442e+03 4.3848e+03
1.9115e+03 4.3678e+03
2.0822e+03 4.3510e+03
2.1794e+03 4.3349e+03
2.1654e+03 4.3217e+03
2.1340e+03 4.3136e+03
2.1945e+03 4.3055e+03
2.2924e+03 4.2927e+03
2.2030e+03 4.2773e+03
1.9263e+03 4.2617e+03
1.6042e+03 4.2464e+03
1.5293e+03 4.2315e+03
1.7383e+03 4.2169e+03
1.8693e+03 4.2030e+03
1.7879e+03 4.1898e+03
1.5776e+03 4.1774e+03
1.5499e+03 4.1658e+03
1.6581e+03 4.1555e+03
1.5089e+03 4.1462e+03
1.2013e+03 4.1374e+03
9.6443e+02 4.1290e+03
8.9815e+02 4.1211e+03
8.4714e+02 4.1136e+03
7.3400e+02 4.1066e+03
8.5860e+02 4.0998e+03
1.2355e+03 4.0933e+03
1.5623e+03 4.0872e+03
1.6841e+03 4.0814e+03
1.6350e+03 4.0762e+03
1.6272e+03 4.0716e+03
1.6386e+03 4.0682e+03
1.4968e+03 4.0807e+03
1.4483e+03 4.3194e+03
1.4257e+03 5.8737e+03
1.2695e+03 1.0151e+04
1.0436e+03 1.4972e+04
9.4720e+02 1.7050e+04
1.0432e+03 1.7194e+04
1.0922e+03 1.6958e+04
1.0642e+03 1.6802e+04
1.0910e+03 1.6872e+04
1.1409e+03 1.6985e+04
1.5266e+03 1.6884e+04
2.0446e+03 1.6642e+04
2.1819e+03 1.6377e+04
2.1902e+03 1.6114e+04
2.1950e+03 1.5858e+04
2.0705e+03 1.5621e+04
2.0612e+03 1.5413e+04
2.1852e+03 1.5232e+04
2.4730e+03 1.5074e+04
3.0811e+03 1.4957e+04
3.9289e+03 1.4879e+04
4.3920e+03 1.4806e+04
4.4723e+03 1.4726e+04
4.4769e+03 1.4642e+04
4.1543e+03 1.4559e+04
3.6986e+03 1.4475e+04
3.5092e+03 1.4391e+04
3.5523e+03 1.4307e+04
3.9349e+03 1.4224e+04
4.1490e+03 1.4143e+04
3.7515e+03 1.4065e+04
3.5309e+03 1.3992e+04
3.8638e+03 1.3926e+04
4.1260e+03 1.3871e+04
3.9931e+03 1.3822e+04
3.7544e+03 1.3774e+04
3.9226e+03 1.3725e+04
4.1339e+03 1.3676e+04
3.9703e+03 1.3627e+04
3.8972e+03 1.3577e+04
3.7159e+03 1.3528e+04
3.3624e+03 1.3490e+04
3.7630e+03 1.3535e+04
4.2663e+03 1.3781e+04
4.0863e+03 1.4102e+04
3.9953e+03 1.4234e+04
4.0745e+03 1.4214e+04
3.8794e+03 1.4160e+04
4.0925e+03 1.4110e+04
4.4983e+03 1.4308e+04
4.8561e+03 1.6516e+04
5.5989e+03 2.4092e+04
6.1608e+03 3.4077e+04
6.0029e+03 3.9265e+04
5.4692e+03 4.0401e+04
5.3474e+03 4.0631e+04
7.0351e+03 4.0786e+04
1.0068e+04 4.0925e+04
1.2669e+04 4.1044e+04
1.4185e+04 4.1144e+04
1.4336e+04 4.1222e+04
1.3648e+04 4.1280e+04
1.2619e+04 4.1319e+04
1.2039e+04 4.1340e+04
1.2228e+04 4.1346e+04
1.3972e+04 4.1343e+04
1.6160e+04 4.1369e+04
1.6234e+04 4.1485e+04
1.4329e+04 4.1687e+04
1.2178e+04 4.1911e+04
1.1348e+04 4.2121e+04
1.0947e+04 4.2310e+04
1.0540e+04 4.2479e+04
1.0754e+04 4.2636e+04
1.2093e+04 4.2872e+04
1.2587e+04 4.3397e+04
1.1339e+04 4.4090e+04
1.2191e+04 4.4483e+04
1.5555e+04 4.4567e+04
1.7273e+04 4.4552e+04
1.5602e+04 4.4507e+04
1.3402e+04 4.4440e+04
1.2773e+04 4.4352e+04
1.1691e+04 4.4249e+04
1.1007e+04 4.4162e+04
1.2238e+04 4.4133e+04
1.3638e+04 4.4166e+04
1.3896e+04 4.4246e+04
1.3206e+04 4.4360e+04
1.2148e+04 4.4487e+04
1.1147e+04 4.4607e+04
1.0019e+04 4.4716e+04
7.8511e+03 4.4818e+04
5.2793e+03 4.4914e+04
3.9417e+03 4.5005e+04
4.3162e+03 4.5092e+04
5.8067e+03 4.5171e+04
8.1039e+03 4.5237e+04
9.6446e+03 4.5320e+04
8.7060e+03 4.5878e+04
6.8033e+03 4.8843e+04
6.0606e+03 5.5215e+04
6.3264e+03 6.0545e+04
6.1811e+03 6.2150e+04
6.2125e+03 6.2127e+04
7.1318e+03 6.1863e+04
7.5440e+03 6.1574e+04
8.2182e+03 6.1269e+04
9.0700e+03 6.0947e+04
9.0806e+03 6.0610e+04
1.0623e+04 6.0256e+04
1.2345e+04 5.9888e+04
1.2806e+04 5.9506e+04
1.3280e+04 5.9114e+04
1.2634e+04 5.8711e+04
1.2181e+04 5.8300e+04
1.2735e+04 5.7881e+04
1.2968e+04 5.7458e+04
1.1069e+04 5.7070e+04
8.6403e+03 5.6790e+04
8.5419e+03 5.6678e+04
9.8815e+03 5.6739e+04
9.9188e+03 5.6896e+04
8.3821e+03 5.7072e+04
6.6004e+03 5.7246e+04
4.6833e+03 5.7422e+04
3.6187e+03 5.7609e+04
3.8863e+03 5.7806e+04
4.0757e+03 5.8027e+04
4.5351e+03 5.8298e+04
6.4174e+03 5.8625e+04
8.7184e+03 5.8981e+04
1.0055e+04 5.9342e+04
1.0934e+04 5.9703e+04
1.2540e+04 6.0063e+04
1.3681e+04 6.0423e+04
1.3590e+04 6.0783e+04
1.3327e+04 6.1143e+04
1.3465e+04 6.1502e+04
1.3498e+04 6.1861e+04
1.2896e+04 6.2217e+04
1.1544e+04 6.2571e+04
1.0256e+04 6.2922e+04
9.4103e+03 6.3269e+04
8.4775e+03 6.3613e+04
7.2011e+03 6.3953e+04
5.8427e+03 6.4291e+04
4.4916e+03 6.4629e+04
3.0700e+03 6.4965e+04
2.3130e+03 6.5300e+04
3.0110e+03 6.5652e+04
4.5887e+03 6.6343e+04
6.1802e+03 6.8986e+04
7.6007e+03 7.5000e+04
8.9021e+03 8.0876e+04
1.0210e+04 8.3534e+04
1.1763e+04 8.4613e+04
1.2772e+04 8.5473e+04
1.2450e+04 8.6327e+04
1.1494e+04 8.7201e+04
9.6840e+03 8.8294e+04
9.0254e+03 9.0158e+04
1.2462e+04 9.2659e+04
1.7562e+04 9.4613e+04
2.0936e+04 9.5881e+04
2.2650e+04 9.7012e+04
2.5291e+04 9.8163e+04
2.9483e+04 9.9315e+04
3.2177e+04 1.0045e+05
3.4667e+04 1.0158e+05
3.7425e+04 1.0270e+05
3.6734e+04 1.0381e+05
3.3517e+04 1.0491e+05
3.2596e+04 1.0599e+05
3.6376e+04 1.0706e+05
3.9588e+04 1.0812e+05
3.9179e+04 1.0917e+05
3.7130e+04 1.1020e+05
3.2521e+04 1.1122e+05
2.9404e+04 1.1222e+05
3.1322e+04 1.1321e+05
3.4933e+04 1.1426e+05
3.1470e+04 1.1573e+05
2.3797e+04 1.1797e+05
2.1899e+04 1.2017e+05
2.4062e+04 1.2159e+05
2.5216e+04 1.2267e+05
2.4080e+04 1.2534e+05
2.6397e+04 1.3600e+05
2.9946e+04 1.5758e+05
2.8769e+04 1.7603e+05
3.0572e+04 1.8305e+05
3.6035e+04 1.8460e+05
3.4545e+04 1.8511e+05
2.3205e+04 1.8569e+05
1.4322e+04 1.8649e+05
1.3347e+04 1.8740e+05
1.7303e+04 1.8832e+05
2.7759e+04 1.8923e+05
3.6829e+04 1.9014e+05
3.0767e+04 1.9105e+05
1.9006e+04 1.9195e+05
1.7569e+04 1.9283e+05
2.6235e+04 1.9370e+05
3.1618e+04 1.9455e+05
2.5319e+04 1.9538e+05
2.0589e+04 1.9619e+05
1.9432e+04 1.9697e+05
1.5734e+04 1.9774e+05
1.6200e+04 1.9849e+05
1.8553e+04 1.9922e+05
1.9384e+04 1.9994e+05
2.2829e+04 2.0064e+05
2.4122e+04 2.0133e+05
1.9273e+04 2.0200e+05
1.2553e+04 2.0267e+05
1.0793e+04 2.0332e+05
1.5658e+04 2.0397e+05
2.6818e+04 2.0460e+05
3.8724e+04 2.0522e+05
4.6404e+04 2.0583e+05
4.5373e+04 2.0642e+05
3.4350e+04 2.0700e+05
2.8531e+04 2.0758e+05
3.0557e+04 2.0814e+05
3.0858e+04 2.0869e+05
2.7432e+04 2.0923e+05
2.9681e+04 2.0977e+05
3.2385e+04 2.1034e+05
2.7608e+04 2.1095e+05
2.4994e+04 2.1159e+05
3.4828e+04 2.1222e+05
4.3589e+04 2.1285e+05
4.1935e+04 2.1346e+05
4.5975e+04 2.1406e+05
5.4269e+04 2.1466e+05
5.3281e+04 2.1528e+05
5.0801e+04 2.1590e+05
4.8253e+04 2.1652e+05
4.2518e+04 2.1714e+05
4.4999e+04 2.1775e+05
4.5711e+04 2.1836e+05
3.4478e+04 2.1897e+05
2.5287e+04 2.1958e+05
2.5167e+04 2.2019e+05
2.5220e+04 2.2079e+05
3.0243e+04 2.2140e+05
5.0979e+04 2.2199e+05
7.4353e+04 2.2257e+05
8.6888e+04 2.2315e+05
8.8577e+04 2.2381e+05
8.3130e+04 2.2472e+05
7.3050e+04 2.2582e+05
6.5410e+04 2.2669e+05
6.5876e+04 2.2730e+05
6.8017e+04 2.2782e+05
6.7318e+04 2.2833e+05
6.6461e+04 2.2883e+05
6.2853e+04 2.2932e+05
6.5982e+04 2.2980e+05
7.7976e+04 2.3028e+05
7.8065e+04 2.3072e+05
6.4793e+04 2.3110e+05
6.5074e+04 2.3139e+05
7.9824e+04 2.3163e+05
8.6065e+04 2.3186e+05
7.6732e+04 2.3210e+05
5.8174e+04 2.3234e+05
4.9892e+04 2.3256e+05
5.8922e+04 2.3277e+05
6.9782e+04 2.3298e+05
7.9392e+04 2.3318e+05
9.2929e+04 2.3340e+05
9.9156e+04 2.3362e+05
9.1172e+04 2.3385e+05
7.0482e+04 2.3411e+05
5.4923e+04 2.3437e+05
5.7732e+04 2.3463e+05
6.9186e+04 2.3488e+05
6.8123e+04 2.3513e+05
5.7544e+04 2.3538e+05
5.8828e+04 2.3563e+05
6.6691e+04 2.3587e+05
7.7481e+04 2.3608e+05
8.7930e+04 2.3626e+05
8.5225e+04 2.3640e+05
6.9093e+04 2.3653e+05
5.3117e+04 2.3665e+05
5.1310e+04 2.3677e+05
5.9669e+04 2.3687e+05
6.3606e+04 2.3697e+05
5.9020e+04 2.3705e+05
5.1436e+04 2.3713e+05
4.9629e+04 2.3720e+05
5.4803e+04 2.3732e+05
5.9145e+04 2.3795e+05
6.7842e+04 2.4013e+05
7.8147e+04 2.4318e+05
8.0572e+04 2.4486e+05
8.0739e+04 2.4520e+05
8.4454e+04 2.4519e+05
9.4993e+04 2.4514e+05
1.0914e+05 2.4507e+05
1.2441e+05 2.4499e+05
1.3167e+05 2.4491e+05
1.2568e+05 2.4484e+05
1.1639e+05 2.4478e+05
1.1568e+05 2.4471e+05
1.1283e+05 2.4467e+05
1.1269e+05 2.4490e+05
1.2027e+05 2.4674e+05
1.2574e+05 2.5159e+05
1.2386e+05 2.5661e+05
1.1729e+05 2.5869e+05
1.2203e+05 2.5912e+05
1.3725e+05 2.5925e+05
1.4974e+05 2.5936e+05
1.5867e+05 2.5946e+05
1.6157e+05 2.5956e+05
1.4888e+05 2.5964e+05
1.2473e+05 2.5972e+05
1.1488e+05 2.5980e+05
1.1773e+05 2.5986e+05
1.1083e+05 2.5992e+05
1.0605e+05 2.5997e+05
1.1122e+05 2.6001e+05
1.1163e+05 2.6005e+05
1.1652e+05 2.6007e+05
1.2143e+05 2.6009e+05
1.1593e+05 2.6010e+05
1.0766e+05 2.6009e+05
1.0415e+05 2.6008e+05
1.0969e+05 2.6005e+05
1.1805e+05 2.6002e+05
1.2307e+05 2.5996e+05
1.1372e+05 2.5989e+05
1.0720e+05 2.5983e+05
1.1898e+05 2.5976e+05
1.1587e+05 2.5971e+05
8.9301e+04 2.5966e+05
8.1503e+04 2.5964e+05
9.1090e+04 2.5997e+05
8.1956e+04 2.6133e+05
6.9403e+04 2.6329e+05
8.1719e+04 2.6440e+05
9.8643e+04 2.6474e+05
9.4232e+04 2.6492e+05
9.4048e+04 2.6511e+05
1.0367e+05 2.6531e+05
1.0146e+05 2.6550e+05
8.8655e+04 2.6570e+05
9.4070e+04 2.6589e+05
1.2019e+05 2.6607e+05
1.3285e+05 2.6625e+05
1.1891e+05 2.6642e+05
9.9942e+04 2.6659e+05
8.9993e+04 2.6676e+05
7.5982e+04 2.6700e+05
6.6344e+04 2.6772e+05
8.4980e+04 2.6924e+05
1.0516e+05 2.7071e+05
1.0255e+05 2.7135e+05
1.0484e+05 2.7155e+05
1.1557e+05 2.7168e+05
1.0752e+05 2.7181e+05
8.8511e+04 2.7194e+05
6.3671e+04 2.7208e+05
4.1970e+04 2.7222e+05
4.6854e+04 2.7238e+05
7.5410e+04 2.7264e+05
9.7208e+04 2.7352e+05
1.0247e+05 2.7564e+05
1.0096e+05 2.7794e+05
9.0316e+04 2.7903e+05
8.7593e+04 2.7936e+05
9.2626e+04 2.7954e+05
1.0648e+05 2.7971e+05
1.1067e+05 2.7989e+05
8.8815e+04 2.8011e+05
8.9165e+04 2.8042e+05
1.2349e+05 2.8079e+05
1.4059e+05 2.8119e+05
1.3095e+05 2.8160e+05
9.9889e+04 2.8203e+05
7.4511e+04 2.8245e+05
7.9770e+04 2.8287e+05
1.0128e+05 2.8328e+05
1.3064e+05 2.8369e+05
1.5014e+05 2.8408e+05
1.4304e+05 2.8446e+05
1.1390e+05 2.8483e+05
8.9602e+04 2.8518e+05
9.2478e+04 2.8553e+05
9.2716e+04 2.8587e+05
7.0190e+04 2.8620e+05
6.3299e+04 2.8652e+05
8.8711e+04 2.8683e+05
1.1806e+05 2.8714e+05
1.3062e+05 2.8745e+05
1.2857e+05 2.8776e+05
1.2569e+05 2.8809e+05
1.3529e+05 2.8845e+05
1.4451e+05 2.8883e+05
1.4060e+05 2.8922e+05
1.2189e+05 2.8960e+05
1.0075e+05 2.8999e+05
9.5057e+04 2.9041e+05
9.3194e+04 2.9086e+05
7.2227e+04 2.9129e+05
5.1638e+04 2.9166e+05
5.2538e+04 2.9205e+05
6.3569e+04 2.9282e+05
5.9504e+04 2.9497e+05
4.4666e+04 2.9819e+05
4.1272e+04 3.0027e+05
5.3401e+04 3.0091e+05
7.5881e+04 3.0113e+05
9.3688e+04 3.0132e+05
1.1570e+05 3.0150e+05
1.3787e+05 3.0168e+05
1.2326e+05 3.0187e+05
8.4822e+04 3.0207e+05
6.5326e+04 3.0227e+05
7.4485e+04 3.0248e+05
8.6932e+04 3.0268e+05
7.8559e+04 3.0288e+05
7.9439e+04 3.0308e+05
1.0824e+05 3.0327e+05
1.2431e+05 3.0346e+05
1.0169e+05 3.0364e+05
8.3809e+04 3.0383e+05
1.0062e+05 3.0410e+05
1.2162e+05 3.0469e+05
1.1097e+05 3.0562e+05
8.0254e+04 3.0635e+05
7.4946e+04 3.0672e+05
1.1165e+05 3.0698e+05
1.5800e+05 3.0722e+05
1.8402e+05 3.0746e+05
1.8510e+05 3.0770e+05
1.7410e+05 3.0794e+05
1.6424e+05 3.0820e+05
1.6184e+05 3.0849e+05
1.5555e+05 3.0885e+05
1.2928e+05 3.0930e+05
1.0390e+05 3.0983e+05
9.7713e+04 3.1047e+05
1.0584e+05 3.1121e+05
1.3533e+05 3.1205e+05
1.6080e+05 3.1296e+05
1.6557e+05 3.1392e+05
1.5557e+05 3.1491e+05
1.2210e+05 3.1591e+05
8.8573e+04 3.1690e+05
9.7837e+04 3.1789e+05
1.3131e+05 3.1885e+05
1.2165e+05 3.1979e+05
7.7134e+04 3.2069e+05
6.0545e+04 3.2155e+05
7.3585e+04 3.2236e+05
7.8035e+04 3.2312e+05
6.3533e+04 3.2383e+05
4.6885e+04 3.2450e+05
4.9869e+04 3.2514e+05
5.7931e+04 3.2574e+05
5.0015e+04 3.2630e+05
4.6353e+04 3.2701e+05
6.6150e+04 3.2927e+05
8.8110e+04 3.3638e+05
8.5416e+04 3.4658e+05
7.7225e+04 3.5287e+05
7.9827e+04 3.5523e+05
1.0604e+05 3.5646e+05
1.5494e+05 3.5718e+05
1.8396e+05 3.5766e+05
1.9211e+05 3.5809e+05
1.9827e+05 3.5851e+05
1.8087e+05 3.5892e+05
1.4341e+05 3.5934e+05
1.2415e+05 3.5976e+05
1.2026e+05 3.6017e+05
1.1385e+05 3.6056e+05
1.2690e+05 3.6095e+05
1.5507e+05 3.6133e+05
1.6203e+05 3.6170e+05
1.4808e+05 3.6207e+05
1.1283e+05 3.6243e+05
7.6148e+04 3.6287e+05
5.8331e+04 3.6359e+05
4.9718e+04 3.6459e+05
4.4915e+04 3.6538e+05
4.5407e+04 3.6582e+05
4.9328e+04 3.6615e+05
5.3874e+04 3.6647e+05
6.2011e+04 3.6679e+05
8.6474e+04 3.6709e+05
1.1305e+05 3.6739e+05
1.1731e+05 3.6769e+05
1.0599e+05 3.6799e+05
8.3336e+04 3.6830e+05
6.8954e+04 3.6861e+05
8.3272e+04 3.6892e+05
1.0348e+05 3.6924e+05
1.0857e+05 3.6958e+05
1.0297e+05 3.6994e+05
9.9009e+04 3.7032e+05
9.7253e+04 3.7073e+05
9.5488e+04 3.7116e+05
8.9353e+04 3.7158e+05
1.0189e+05 3.7201e+05
1.2036e+05 3.7245e+05
1.1536e+05 3.7294e+05
1.0243e+05 3.7344e+05
9.5388e+04 3.7390e+05
1.0754e+05 3.7433e+05
1.4228e+05 3.7474e+05
1.6442e+05 3.7515e+05
1.4838e+05 3.7556e+05
1.1196e+05 3.7596e+05
8.7801e+04 3.7637e+05
7.3619e+04 3.7677e+05
5.4415e+04 3.7717e+05
4.3266e+04 3.7757e+05
5.3076e+04 3.7796e+05
7.2208e+04 3.7836e+05
8.8297e+04 3.7876e+05
1.1226e+05 3.7915e+05
1.3898e+05 3.7955e+05
1.4818e+05 3.7993e+05
1.3116e+05 3.8032e+05
9.8136e+04 3.8070e+05
6.9251e+04 3.8108e+05
5.4488e+04 3.8146e+05
6.3283e+04 3.8183e+05
1.0047e+05 3.8220e+05
1.4678e+05 3.8257e+05
1.7801e+05 3.8293e+05
1.9243e+05 3.8328e+05
2.0879e+05 3.8363e+05
2.2445e+05 3.8398e+05
2.2341e+05 3.8434e+05
2.1942e+05 3.8471e+05
2.2402e+05 3.8511e+05
2.1958e+05 3.8554e+05
2.2657e+05 3.8598e+05
2.4202e+05 3.8642e+05
2.4683e+05 3.8685e+05
2.5011e+05 3.8729e+05
2.5158e+05 3.8773e+05
2.4241e+05 3.8817e+05
2.1179e+05 3.8861e+05
1.8112e+05 3.8904e+05
2.0222e+05 3.8948e+05
2.2501e+05 3.8993e+05
1.9470e+05 3.9036e+05
1.7366e+05 3.9078e+05
2.0605e+05 3.9118e+05
2.2883e+05 3.9159e+05
2.1676e+05 3.9198e+05
1.9298e+05 3.9237e+05
1.7302e+05 3.9276e+05
1.7497e+05 3.9314e+05
1.8066e+05 3.9352e+05
1.9115e+05 3.9389e+05
2.0780e+05 3.9425e+05
2.2689e+05 3.9462e+05
2.5302e+05 3.9498e+05
2.8087e+05 3.9533e+05
2.8271e+05 3.9565e+05
2.5846e+05 3.9597e+05
2.3373e+05 3.9628e+05
2.2993e+05 3.9657e+05
2.4190e+05 3.9684e+05
2.5024e+05 3.9710e+05
2.5908e+05 3.9736e+05
2.6342e+05 3.9762e+05
2.5972e+05 3.9789e+05
2.5756e+05 3.9815e+05
2.4679e+05 3.9840e+05
2.2706e+05 3.9866e+05
2.2943e+05 3.9893e+05
2.4628e+05 3.9927e+05
2.3198e+05 3.9984e+05
2.1989e+05 4.0072e+05
2.3452e+05 4.0146e+05
2.4200e+05 4.0190e+05
2.4611e+05 4.0251e+05
2.6151e+05 4.0371e+05
2.7143e+05 4.0503e+05
2.6284e+05 4.0573e+05
2.4801e+05 4.0604e+05
2.4142e+05 4.0627e+05
2.4939e+05 4.0649e+05
2.4741e+05 4.0671e+05
2.2659e+05 4.0692e+05
2.1754e+05 4.0712e+05
2.3215e+05 4.0732e+05
2.3033e+05 4.0752e+05
2.0637e+05 4.0771e+05
2.1112e+05 4.0789e+05
2.4335e+05 4.0807e+05
2.5572e+05 4.0824e+05
2.4304e+05 4.0841e+05
2.2551e+05 4.0858e+05
1.9936e+05 4.0875e+05
1.5427e+05 4.0890e+05
1.4478e+05 4.0906e+05
1.7637e+05 4.0921e+05
1.9614e+05 4.0935e+05
2.1731e+05 4.0949e+05
2.3939e+05 4.0963e+05
2.2633e+05 4.0977e+05
1.9161e+05 4.0990e+05
1.8318e+05 4.1003e+05
1.9643e+05 4.1016e+05
2.1153e+05 4.1028e+05
2.2581e+05 4.1039e+05
2.0397e+05 4.1049e+05
1.6854e+05 4.1057e+05
1.8103e+05 4.1066e+05
2.1110e+05 4.1075e+05
2.1410e+05 4.1083e+05
1.9760e+05 4.1090e+05
1.8154e+05 4.1097e+05
1.7669e+05 4.1103e+05
1.6341e+05 4.1109e+05
1.4579e+05 4.1115e+05
1.3440e+05 4.1120e+05
1.4185e+05 4.1125e+05
1.9356e+05 4.1130e+05
2.5676e+05 4.1134e+05
2.6304e+05 4.1138e+05
2.2182e+05 4.1142e+05
2.2434e+05 4.1145e+05
2.6852e+05 4.1148e+05
2.7708e+05 4.1150e+05
2.5752e+05 4.1153e+05
2.6219e+05 4.1155e+05
2.8124e+05 4.1157e+05
2.7665e+05 4.1158e+05
2.6427e+05 4.1160e+05
2.7373e+05 4.1161e+05
2.9051e+05 4.1161e+05
2.9649e+05 4.1161e+05
2.8463e+05 4.1161e+05
2.6219e+05 4.1161e+05
2.3850e+05 4.1160e+05
2.0738e+05 4.1159e+05
1.8517e+05 4.1158e+05
2.0859e+05 4.1157e+05
2.4830e+05 4.1155e+05
2.7212e+05 4.1153e+05
2.6502e+05 4.1151e+05
2.3238e+05 4.1149e+05
2.2787e+05 4.1147e+05
2.5574e+05 4.1145e+05
2.6799e+05 4.1142e+05
2.8098e+05 4.1139e+05
2.8968e+05 4.1136e+05
2.8238e+05 4.1133e+05
2.7758e+05 4.1130e+05
2.6994e+05 4.1126e+05
2.7461e+05 4.1123e+05
2.8816e+05 4.1119e+05
2.9711e+05 4.1115e+05
2.9711e+05 4.1111e+05
2.7107e+05 4.1106e+05
2.4319e+05 4.1102e+05
2.4738e+05 4.1097e+05
2.7248e+05 4.1092e+05
2.9597e+05 4.1086e+05
3.1564e+05 4.1081e+05
3.2824e+05 4.1075e+05
3.2303e+05 4.1069e+05
3.1326e+05 4.1062e+05
3.0937e+05 4.1056e+05
3.0600e+05 4.1049e+05
3.1106e+05 4.1042e+05
3.2959e+05 4.1036e+05
3.5222e+05 4.1029e+05
3.6412e+05 4.1023e+05
3.5859e+05 4.1016e+05
3.4568e+05 4.1010e+05
3.4244e+05 4.1003e+05
3.3226e+05 4.0996e+05
2.9897e+05 4.0989e+05
2.7742e+05 4.0983e+05
2.8693e+05 4.0980e+05
3.1308e+05 4.0978e+05
3.2810e+05 4.0976e+05
3.2632e+05 4.0973e+05
3.2751e+05 4.0970e+05
3.3329e+05 4.0966e+05
3.4160e+05 4.0962e+05
3.4720e+05 4.0958e+05
3.4370e+05 4.0954e+05
3.4064e+05 4.0950e+05
3.4263e+05 4.0945e+05
3.4024e+05 4.0940e+05
3.2671e+05 4.0936e+05
3.2254e+05 4.0930e+05
3.2874e+05 4.0925e+05
3.2383e+05 4.0920e+05
3.1740e+05 4.0914e+05
3.2209e+05 4.0909e+05
3.3506e+05 4.0903e+05
3.4915e+05 4.0897e+05
3.5218e+05 4.0891e+05
3.4851e+05 4.0884e+05
3.4321e+05 4.0878e+05
3.3927e+05 4.0871e+05
3.4417e+05 4.0865e+05
3.4850e+05 4.0858e+05
3.4432e+05 4.0851e+05
3.4317e+05 4.0844e+05
3.3853e+05 4.0836e+05
3.3225e+05 4.0829e+05
3.3866e+05 4.0821e+05
3.5160e+05 4.0814e+05
3.5586e+05 4.0806e+05
3.4026e+05 4.0798e+05
3.2932e+05 4.0790e+05
3.3895e+05 4.0782e+05
3.4569e+05 4.0775e+05
3.4340e+05 4.0767e+05
3.4643e+05 4.0759e+05
3.5314e+05 4.0751e+05
3.5700e+05 4.0743e+05
3.4860e+05 4.0734e+05
3.3000e+05 4.0726e+05
3.2212e+05 4.0717e+05
3.2915e+05 4.0708e+05
3.4168e+05 4.0699e+05
3.5451e+05 4.0690e+05
3.6236e+05 4.0681e+05
3.5676e+05 4.0671e+05
3.4426e+05 4.0662e+05
3.3903e+05 4.0652e+05
3.4186e+05 4.0642e+05
3.5163e+05 4.0633e+05
3.6219e+05 4.0623e+05
3.6371e+05 4.0613e+05
3.5597e+05 4.0603e+05
3.5182e+05 4.0593e+05
3.4988e+05 4.0583e+05
3.4712e+05 4.0573e+05
3.4967e+05 4.0563e+05
3.5744e+05 4.0552e+05
3.6228e+05 4.0542e+05
3.5502e+05 4.0531e+05
3.4648e+05 4.0520e+05
3.5035e+05 4.0509e+05
3.6007e+05 4.0498e+05
3.6147e+05 4.0487e+05
3.6160e+05 4.0476e+05
3.6359e+05 4.0464e+05
3.6678e+05 4.0452e+05
3.6995e+05 4.0439e+05
3.6690e+05 4.0426e+05
3.6002e+05 4.0412e+05
3.5541e+05 4.0398e+05
3.5308e+05 4.0385e+05
3.5176e+05 4.0371e+05
3.4784e+05 4.0357e+05
3.4904e+05 4.0343e+05
3.5419e+05 4.0329e+05
3.4778e+05 4.0314e+05
3.2672e+05 4.0300e+05
3.1284e+05 4.0286e+05
3.1501e+05 4.0271e+05
3.0833e+05 4.0256e+05
3.0983e+05 4.0242e+05
3.2737e+05 4.0231e+05
3.3162e+05 4.0229e+05
3.1412e+05 4.0230e+05
3.0683e+05 4.0223e+05
3.3585e+05 4.0209e+05
3.5517e+05 4.0194e+05
3.4712e+05 4.0178e+05
3.3829e+05 4.0162e+05
3.3219e+05 4.0146e+05
3.1137e+05 4.0129e+05
2.8832e+05 4.0113e+05
3.0854e+05 4.0098e+05
3.4082e+05 4.0082e+05
3.4440e+05 4.0066e+05
3.3560e+05 4.0049e+05
3.4253e+05 4.0032e+05
3.5530e+05 4.0015e+05
3.5243e+05 3.9998e+05
3.2622e+05 3.9981e+05
3.0618e+05 3.9964e+05
3.1699e+05 3.9947e+05
3.3259e+05 3.9930e+05
3.4246e+05 3.9913e+05
3.3970e+05 3.9895e+05
3.1787e+05 3.9878e+05
3.0663e+05 3.9860e+05
3.1960e+05 3.9843e+05
3.2897e+05 3.9825e+05
3.2356e+05 3.9807e+05
3.0987e+05 3.9790e+05
3.0229e+05 3.9772e+05
3.0249e+05 3.9755e+05
3.0227e+05 3.9738e+05
3.0638e+05 3.9721e+05
3.1646e+05 3.9703e+05
3.3007e+05 3.9686e+05
3.3428e+05 3.9668e+05
3.1944e+05 3.9651e+05
3.0753e+05 3.9633e+05
3.1356e+05 3.9616e+05
3.2164e+05 3.9599e+05
3.3553e+05 3.9582e+05
3.4680e+05 3.9565e+05
3.3659e+05 3.9548e+05
3.2116e+05 3.9532e+05
3.1932e+05 3.9514e+05
3.1649e+05 3.9497e+05
3.0650e+05 3.9480e+05
3.1256e+05 3.9463e+05
3.3049e+05 3.9445e+05
3.3601e+05 3.9428e+05
3.2912e+05 3.9410e+05
3.2348e+05 3.9393e+05
3.1605e+05 3.9375e+05
3.1431e+05 3.9358e+05
3.2520e+05 3.9341e+05
3.2534e+05 3.9324e+05
3.0969e+05 3.9306e+05
3.0018e+05 3.9289e+05
2.9551e+05 3.9272e+05
2.8703e+05 3.9255e+05
2.8646e+05 3.9237e+05
2.9285e+05 3.9220e+05
2.9744e+05 3.9202e+05
3.0270e+05 3.9185e+05
2.9599e+05 3.9167e+05
2.5438e+05 3.9149e+05
2.0180e+05 3.9131e+05
1.9055e+05 3.9113e+05
2.1009e+05 3.9095e+05
2.0998e+05 3.9077e+05
2.1833e+05 3.9059e+05
2.4998e+05 3.9041e+05
2.7623e+05 3.9022e+05
2.8511e+05 3.9005e+05
2.6262e+05 3.8988e+05
2.5678e+05 3.8971e+05
2.8884e+05 3.8954e+05
3.1239e+05 3.8937e+05
3.1066e+05 3.8919e+05
2.9450e+05 3.8902e+05
2.9523e+05 3.8884e+05
3.1839e+05 3.8867e+05
3.4094e+05 3.8849e+05
3.4458e+05 3.8831e+05
3.4024e+05 3.8813e+05
3.3878e+05 3.8796e+05
3.2887e+05 3.8779e+05
2.9283e+05 3.8761e+05
2.5596e+05 3.8744e+05
2.6431e+05 3.8726e+05
3.0261e+05 3.8708e+05
3.2368e+05 3.8690e+05
3.3640e+05 3.8672e+05
3.5034e+05 3.8654e+05
3.4188e+05 3.8636e+05
3.2905e+05 3.8617e+05
3.4024e+05 3.8599e+05
3.5470e+05 3.8580e+05
3.5181e+05 3.8562e+05
3.3955e+05 3.8543e+05
3.1454e+05 3.8524e+05
2.8554e+05 3.8506e+05
2.9689e+05 3.8487e+05
3.2664e+05 3.8468e+05
3.3104e+05 3.8449e+05
3.3035e+05 3.8429e+05
3.4023e+05 3.8410e+05
3.5608e+05 3.8390e+05
3.6215e+05 3.8371e+05
3.4565e+05 3.8351e+05
3.1854e+05 3.8331e+05
3.1505e+05 3.8311e+05
3.3393e+05 3.8291e+05
3.3850e+05 3.8271e+05
3.3398e+05 3.8250e+05
3.2453e+05 3.8230e+05
3.1143e+05 3.8210e+05
3.0286e+05 3.8189e+05
2.9524e+05 3.8168e+05
3.0245e+05 3.8148e+05
3.2361e+05 3.8128e+05
3.3549e+05 3.8108e+05
3.2955e+05 3.8088e+05
3.1553e+05 3.8067e+05
3.1131e+05 3.8049e+05
3.2651e+05 3.8032e+05
3.3245e+05 3.8013e+05
3.1866e+05 3.7992e+05
3.1098e+05 3.7970e+05
3.1934e+05 3.7948e+05
3.3547e+05 3.7926e+05
3.4259e+05 3.7904e+05
3.4028e+05 3.7881e+05
3.3109e+05 3.7859e+05
3.3038e+05 3.7837e+05
3.3847e+05 3.7814e+05
3.4369e+05 3.7792e+05
3.4505e+05 3.7769e+05
3.4313e+05 3.7747e+05
3.3882e+05 3.7725e+05
3.3565e+05 3.7703e+05
3.3801e+05 3.7681e+05
3.4460e+05 3.7659e+05
3.4247e+05 3.7637e+05
3.3323e+05 3.7615e+05
3.3734e+05 3.7592e+05
3.4993e+05 3.7569e+05
3.5750e+05 3.7547e+05
3.5948e+05 3.7524e+05
3.5761e+05 3.7501e+05
3.5088e+05 3.7478e+05
3.3931e+05 3.7455e+05
3.2761e+05 3.7432e+05
3.2357e+05 3.7409e+05
3.3026e+05 3.7386e+05
3.3406e+05 3.7362e+05
3.1975e+05 3.7339e+05
3.1104e+05 3.7315e+05
3.2019e+05 3.7292e+05
3.2950e+05 3.7268e+05
3.4056e+05 3.7244e+05
3.4682e+05 3.7220e+05
3.3549e+05 3.7196e+05
3.2523e+05 3.7172e+05
3.2781e+05 3.7147e+05
3.4066e+05 3.7123e+05
3.4982e+05 3.7100e+05
3.4679e+05 3.7080e+05
3.4353e+05 3.7061e+05
3.4443e+05 3.7040e+05
3.4310e+05 3.7016e+05
3.3514e+05 3.6992e+05
3.2862e+05 3.6967e+05
3.2713e+05 3.6942e+05
3.3549e+05 3.6917e+05
3.4582e+05 3.6892e+05
3.4401e+05 3.6867e+05
3.4077e+05 3.6842e+05
3.4426e+05 3.6817e+05
3.4415e+05 3.6791e+05
3.3565e+05 3.6766e+05
3.2637e+05 3.6740e+05
3.2699e+05 3.6715e+05
3.3914e+05 3.6689e+05
3.4885e+05 3.6663e+05
3.5159e+05 3.6637e+05
3.5167e+05 3.6611e+05
3.5238e+05 3.6585e+05
3.5231e+05 3.6559e+05
3.5073e+05 3.6533e+05
3.4752e+05 3.6507e+05
3.4537e+05 3.6482e+05
3.4602e+05 3.6457e+05
3.4965e+05 3.6433e+05
3.5196e+05 3.6408e+05
3.4748e+05 3.6383e+05
3.3788e+05 3.6359e+05
3.3290e+05 3.6334e+05
3.3857e+05 3.6309e+05
3.4646e+05 3.6284e+05
3.4916e+05 3.6259e+05
3.4753e+05 3.6234e+05
3.4724e+05 3.6209e+05
3.4948e+05 3.6183e+05
3.5353e+05 3.6158e+05
3.5547e+05 3.6133e+05
3.5229e+05 3.6107e+05
3.4676e+05 3.6082e+05
3.4540e+05 3.6056e+05
3.4635e+05 3.6030e+05
3.4291e+05 3.6005e+05
3.3673e+05 3.5979e+05
3.3672e+05 3.5953e+05
3.4383e+05 3.5928e+05
3.4932e+05 3.5902e+05
3.4722e+05 3.5877e+05
3.2996e+05 3.5851e+05
2.8737e+05 3.5826e+05
2.4665e+05 3.5800e+05
2.5745e+05 3.5774e+05
3.0297e+05 3.5748e+05
3.3362e+05 3.5723e+05
3.4008e+05 3.5697e+05
3.3903e+05 3.5671e+05
3.4090e+05 3.5644e+05
3.4404e+05 3.5618e+05
3.4490e+05 3.5592e+05
3.4466e+05 3.5566e+05
3.4452e+05 3.5540e+05
3.4300e+05 3.5513e+05
3.4174e+05 3.5487e+05
3.4382e+05 3.5461e+05
3.4659e+05 3.5434e+05
3.4707e+05 3.5408e+05
3.4460e+05 3.5382e+05
3.4047e+05 3.5356e+05
3.3781e+05 3.5331e+05
3.3891e+05 3.5306e+05
3.4113e+05 3.5279e+05
3.3979e+05 3.5252e+05
3.3719e+05 3.5226e+05
3.3534e+05 3.5200e+05
3.3249e+05 3.5174e+05
3.2884e+05 3.5148e+05
3.3077e+05 3.5121e+05
3.3896e+05 3.5095e+05
3.4394e+05 3.5069e+05
3.4413e+05 3.5043e+05
3.4397e+05 3.5017e+05
3.4232e+05 3.4991e+05
3.3617e+05 3.4965e+05
3.3031e+05 3.4939e+05
3.3316e+05 3.4912e+05
3.4007e+05 3.4886e+05
3.3967e+05 3.4860e+05
3.3545e+05 3.4833e+05
3.3434e+05 3.4807e+05
3.3418e+05 3.4780e+05
3.2986e+05 3.4754e+05
3.2486e+05 3.4727e+05
3.2828e+05 3.4700e+05
3.3091e+05 3.4673e+05
3.2364e+05 3.4646e+05
3.1892e+05 3.4619e+05
3.2156e+05 3.4592e+05
3.1830e+05 3.4564e+05
3.1819e+05 3.4537e+05
3.2591e+05 3.4509e+05
3.2703e+05 3.4481e+05
3.1536e+05 3.4453e+05
2.9682e+05 3.4426e+05
2.9294e+05 3.4398e+05
3.0756e+05 3.4370e+05
3.2405e+05 3.4342e+05
3.3025e+05 3.4313e+05
3.2721e+05 3.4285e+05
3.2580e+05 3.4257e+05
3.2923e+05 3.4229e+05
3.2819e+05 3.4201e+05
3.1469e+05 3.4173e+05
3.0219e+05 3.4144e+05
3.0932e+05 3.4116e+05
3.1816e+05 3.4088e+05
3.1855e+05 3.4059e+05
3.1978e+05 3.4031e+05
3.1802e+05 3.4002e+05
3.1079e+05 3.3974e+05
3.0329e+05 3.3946e+05
3.0509e+05 3.3918e+05
3.1512e+05 3.3890e+05
3.2280e+05 3.3862e+05
3.2658e+05 3.3834e+05
3.2744e+05 3.3807e+05
3.2760e+05 3.3782e+05
3.2670e+05 3.3761e+05
3.2247e+05 3.3739e+05
3.1835e+05 3.3713e+05
3.1913e+05 3.3686e+05
3.1772e+05 3.3659e+05
3.1261e+05 3.3632e+05
3.1627e+05 3.3604e+05
3.2162e+05 3.3575e+05
3.1816e+05 3.3547e+05
3.1309e+05 3.3518e+05
3.1445e+05 3.3490e+05
3.1832e+05 3.3461e+05
3.1576e+05 3.3432e+05
3.1044e+05 3.3403e+05
3.1358e+05 3.3374e+05
3.2119e+05 3.3345e+05
3.2498e+05 3.3316e+05
3.2567e+05 3.3287e+05
3.2299e+05 3.3258e+05
3.1624e+05 3.3229e+05
3.1170e+05 3.3200e+05
3.1245e+05 3.3171e+05
3.1285e+05 3.3142e+05
3.1310e+05 3.3112e+05
3.1482e+05 3.3083e+05
3.1642e+05 3.3054e+05
3.1302e+05 3.3025e+05
3.0835e+05 3.2996e+05
3.1117e+05 3.2966e+05
3.1352e+05 3.2936e+05
3.0978e+05 3.2906e+05
3.0284e+05 3.2877e+05
3.0350e+05 3.2847e+05
3.1227e+05 3.2817e+05
3.1796e+05 3.2788e+05
3.1860e+05 3.2758e+05
3.1111e+05 3.2728e+05
2.9463e+05 3.2698e+05
2.8626e+05 3.2668e+05
2.9607e+05 3.2639e+05
3.1169e+05 3.2610e+05
3.1712e+05 3.2581e+05
3.1378e+05 3.2552e+05
3.1176e+05 3.2524e+05
3.1532e+05 3.2496e+05
3.1757e+05 3.2469e+05
3.1553e+05 3.2444e+05
3.1288e+05 3.2425e+05
3.0752e+05 3.2404e+05
2.9935e+05 3.2378e+05
3.0009e+05 3.2350e+05
3.0673e+05 3.2320e+05
3.0987e+05 3.2291e+05
3.1033e+05 3.2261e+05
3.0865e+05 3.2231e+05
3.0795e+05 3.2201e+05
3.1157e+05 3.2171e+05
3.1370e+05 3.2142e+05
3.1474e+05 3.2112e+05
3.1610e+05 3.2082e+05
3.1508e+05 3.2052e+05
3.1197e+05 3.2022e+05
3.1003e+05 3.1992e+05
3.1082e+05 3.1962e+05
3.1288e+05 3.1932e+05
3.1469e+05 3.1902e+05
3.1315e+05 3.1872e+05
3.0988e+05 3.1841e+05
3.0944e+05 3.1811e+05
3.0919e+05 3.1781e+05
3.0972e+05 3.1750e+05
3.1228e+05 3.1720e+05
3.1224e+05 3.1689e+05
3.0992e+05 3.1659e+05
3.0649e+05 3.1628e+05
3.0271e+05 3.1597e+05
3.0194e+05 3.1567e+05
3.0533e+05 3.1536e+05
3.0810e+05 3.1505e+05
3.0861e+05 3.1474e+05
3.0809e+05 3.1443e+05
3.0650e+05 3.1412e+05
3.0550e+05 3.1382e+05
3.0566e+05 3.1352e+05
3.0343e+05 3.1322e+05
3.0111e+05 3.1292e+05
3.0381e+05 3.1262e+05
3.0684e+05 3.1232e+05
3.0670e+05 3.1201e+05
3.0518e+05 3.1171e+05
2.9968e+05 3.1141e+05
2.8853e+05 3.1111e+05
2.8484e+05 3.1080e+05
2.9422e+05 3.1050e+05
3.0287e+05 3.1020e+05
3.0491e+05 3.0989e+05
3.0324e+05 3.0959e+05
2.9927e+05 3.0928e+05
2.9753e+05 3.0898e+05
2.9921e+05 3.0867e+05
2.9941e+05 3.0836e+05
3.0057e+05 3.0805e+05
3.0257e+05 3.0775e+05
3.0215e+05 3.0744e+05
3.0007e+05 3.0713e+05
2.9974e+05 3.0682e+05
3.0131e+05 3.0651e+05
3.0172e+05 3.0620e+05
3.0071e+05 3.0589e+05
2.9895e+05 3.0558e+05
2.9759e+05 3.0527e+05
2.9717e+05 3.0496e+05
2.9734e+05 3.0465e+05
2.9810e+05 3.0433e+05
2.9803e+05 3.0402e+05
2.9698e+05 3.0371e+05
2.9724e+05 3.0339e+05
2.9847e+05 3.0308e+05
2.9839e+05 3.0277e+05
2.9672e+05 3.0245e+05
2.9328e+05 3.0214e+05
2.9183e+05 3.0182e+05
2.9343e+05 3.0150e+05
2.9351e+05 3.0119e+05
2.9201e+05 3.0087e+05
2.9071e+05 3.0056e+05
2.9008e+05 3.0025e+05
2.8909e+05 2.9995e+05
2.8811e+05 2.9964e+05
2.8823e+05 2.9933e+05
2.8957e+05 2.9902e+05
2.9200e+05 2.9871e+05
2.9367e+05 2.9840e+05
2.9251e+05 2.9809e+05
2.9063e+05 2.9778e+05
2.8992e+05 2.9747e+05
2.9078e+05 2.9716e+05
2.9111e+05 2.9685e+05
2.8886e+05 2.9654e+05
2.8832e+05 2.9622e+05
2.9041e+05 2.9591e+05
2.9109e+05 2.9560e+05
2.8945e+05 2.9528e+05
2.8766e+05 2.9497e+05
2.8617e+05 2.9466e+05
2.8501e+05 2.9434e+05
2.8521e+05 2.9403e+05
2.8514e+05 2.9371e+05
2.8221e+05 2.9340e+05
2.8160e+05 2.9308e+05
2.8361e+05 2.9276e+05
2.8391e+05 2.9245e+05
2.8475e+05 2.9213e+05
2.8343e+05 2.9181e+05
2.7861e+05 2.9150e+05
2.7537e+05 2.9118e+05
2.7691e+05 2.9086e+05
2.7915e+05 2.9054e+05
2.7897e+05 2.9022e+05
2.8010e+05 2.8991e+05
2.8173e+05 2.8959e+05
2.8300e+05 2.8929e+05
2.8421e+05 2.8902e+05
2.8367e+05 2.8876e+05
2.8133e+05 2.8847e+05
2.7510e+05 2.8816e+05
2.6737e+05 2.8784e+05
2.6981e+05 2.8753e+05
2.7823e+05 2.8722e+05
2.8071e+05 2.8691e+05
2.7811e+05 2.8661e+05
2.7488e+05 2.8637e+05
2.7541e+05 2.8614e+05
2.7790e+05 2.8587e+05
2.7827e+05 2.8557e+05
2.7797e+05 2.8526e+05
2.7662e+05 2.8494e+05
2.7479e+05 2.8463e+05
2.7662e+05 2.8431e+05
2.7930e+05 2.8399e+05
2.7876e+05 2.8368e+05
2.7600e+05 2.8336e+05
2.7386e+05 2.8305e+05
2.7446e+05 2.8273e+05
2.7674e+05 2.8241e+05
2.7654e+05 2.8210e+05
2.7200e+05 2.8178e+05
2.6880e+05 2.8146e+05
2.6999e+05 2.8114e+05
2.6963e+05 2.8082e+05
2.6716e+05 2.8051e+05
2.6581e+05 2.8019e+05
2.6714e+05 2.7988e+05
2.7084e+05 2.7957e+05
2.7288e+05 2.7925e+05
2.7128e+05 2.7893e+05
2.7050e+05 2.7861e+05
2.7186e+05 2.7830e+05
2.7166e+05 2.7798e+05
2.7177e+05 2.7766e+05
2.7288e+05 2.7734e+05
2.7306e+05 2.7702e+05
2.7121e+05 2.7670e+05
2.6555e+05 2.7638e+05
2.5802e+05 2.7606e+05
2.5573e+05 2.7577e+05
2.6108e+05 2.7551e+05
2.6681e+05 2.7523e+05
2.6870e+05 2.7493e+05
2.7000e+05 2.7462e+05
2.7167e+05 2.7431e+05
2.7199e+05 2.7399e+05
2.7056e+05 2.7368e+05
2.6906e+05 2.7337e+05
2.6867e+05 2.7305e+05
2.6816e+05 2.7274e+05
2.6700e+05 2.7242e+05
2.6487e+05 2.7211e+05
2.6492e+05 2.7179e+05
2.6677e+05 2.7148e+05
2.6624e+05 2.7116e+05
2.6315e+05 2.7085e+05
2.6025e+05 2.7053e+05
2.6199e+05 2.7021e+05
2.6384e+05 2.6990e+05
2.6065e+05 2.6958e+05
2.5986e+05 2.6926e+05
2.6162e+05 2.6895e+05
2.5715e+05 2.6863e+05
2.5150e+05 2.6831e+05
2.5472e+05 2.6799e+05
2.6163e+05 2.6767e+05
2.6367e+05 2.6736e+05
2.6150e+05 2.6704e+05
2.5857e+05 2.6672e+05
2.5834e+05 2.6640e+05
2.5866e+05 2.6608e+05
2.5766e+05 2.6576e+05
2.5831e+05 2.6544e+05
2.5999e+05 2.6512e+05
2.6083e+05 2.6480e+05
2.5864e+05 2.6448e+05
2.5628e+05 2.6416e+05
2.5829e+05 2.6384e+05
2.6105e+05 2.6353e+05
2.6133e+05 2.6322e+05
2.5949e+05 2.6291e+05
2.5727e+05 2.6259e+05
2.5676e+05 2.6228e+05
2.5699e+05 2.6197e+05
2.5686e+05 2.6165e+05
2.5696e+05 2.6134e+05
2.5778e+05 2.6103e+05
2.5744e+05 2.6071e+05
2.5429e+05 2.6040e+05
2.5206e+05 2.6009e+05
2.5340e+05 2.5977e+05
2.5523e+05 2.5946e+05
2.5629e+05 2.5914e+05
2.5704e+05 2.5883e+05
2.5712e+05 2.5851e+05
2.5649e+05 2.5820e+05
2.5555e+05 2.5788e+05
2.5496e+05 2.5757e+05
2.5514e+05 2.5725e+05
2.5475e+05 2.5694e+05
2.5316e+05 2.5662e+05
2.5192e+05 2.5630e+05
2.5072e+05 2.5598e+05
2.4548e+05 2.5567e+05
2.3751e+05 2.5535e+05
2.3760e+05 2.5503e+05
2.4500e+05 2.5472e+05
2.5000e+05 2.5440e+05
2.5146e+05 2.5408e+05
2.5139e+05 2.5376e+05
2.5047e+05 2.5344e+05
2.4911e+05 2.5312e+05
2.4740e+05 2.5281e+05
2.4636e+05 2.5249e+05
2.4771e+05 2.5218e+05
2.4940e+05 2.5187e+05
2.4867e+05 2.5156e+05
2.4621e+05 2.5124e+05
2.4329e+05 2.5093e+05
2.3962e+05 2.5062e+05
2.4002e+05 2.5031e+05
2.4441e+05 2.5000e+05
2.4642e+05 2.4968e+05
2.4526e+05 2.4938e+05
2.4378e+05 2.4907e+05
2.4267e+05 2.4876e+05
2.4184e+05 2.4845e+05
2.4244e+05 2.4814e+05
2.4398e+05 2.4783e+05
2.4460e+05 2.4753e+05
2.4453e+05 2.4722e+05
2.4465e+05 2.4692e+05
2.4454e+05 2.4661e+05
2.4426e+05 2.4630e+05
2.4381e+05 2.4598e+05
2.4327e+05 2.4567e+05
2.4271e+05 2.4536e+05
2.4184e+05 2.4505e+05
2.3939e+05 2.4473e+05
2.3447e+05 2.4442e+05
2.3025e+05 2.4411e+05
2.2866e+05 2.4379e+05
2.3113e+05 2.4348e+05
2.3364e+05 2.4316e+05
2.3344e+05 2.4285e+05
2.3458e+05 2.4254e+05
2.3676e+05 2.4222e+05
2.3772e+05 2.4191e+05
2.3818e+05 2.4159e+05
2.3843e+05 2.4128e+05
2.3858e+05 2.4097e+05
2.3852e+05 2.4066e+05
2.3826e+05 2.4035e+05
2.3791e+05 2.4005e+05
2.3696e+05 2.3974e+05
2.3564e+05 2.3943e+05
2.3435e+05 2.3912e+05
2.3321e+05 2.3881e+05
2.3277e+05 2.3851e+05
2.3005e+05 2.3820e+05
2.2707e+05 2.3789e+05
2.2816e+05 2.3758e+05
2.3043e+05 2.3727e+05
2.3184e+05 2.3696e+05
2.3172e+05 2.3666e+05
2.3122e+05 2.3635e+05
2.3081e+05 2.3604e+05
2.2790e+05 2.3573e+05
2.2503e+05 2.3542e+05
2.2537e+05 2.3511e+05
2.2540e+05 2.3481e+05
2.2654e+05 2.3450e+05
2.2838e+05 2.3419e+05
2.2781e+05 2.3388e+05
2.2591e+05 2.3357e+05
2.2515e+05 2.3326e+05
2.2678e+05 2.3296e+05
2.2845e+05 2.3265e+05
2.2793e+05 2.3234e+05
2.2530e+05 2.3203e+05
2.2450e+05 2.3172e+05
2.2553e+05 2.3141e+05
2.2140e+05 2.3111e+05
2.1269e+05 2.3080e+05
2.1332e+05 2.3049e+05
2.1927e+05 2.3019e+05
2.2125e+05 2.2989e+05
2.1944e+05 2.2959e+05
2.0708e+05 2.2928e+05
1.9022e+05 2.2898e+05
1.9423e+05 2.2868e+05
2.1161e+05 2.2838e+05
2.2097e+05 2.2807e+05
2.2349e+05 2.2777e+05
2.2359e+05 2.2747e+05
2.2330e+05 2.2716e+05
2.2311e+05 2.2686e+05
2.2255e+05 2.2656e+05
2.2136e+05 2.2625e+05
2.2011e+05 2.2595e+05
2.1983e+05 2.2565e+05
2.1905e+05 2.2534e+05
2.1896e+05 2.2504e+05
2.1799e+05 2.2473e+05
2.0952e+05 2.2443e+05
1.9483e+05 2.2413e+05
1.9321e+05 2.2382e+05
2.0515e+05 2.2352e+05
2.1079e+05 2.2321e+05
2.1070e+05 2.2291e+05
2.1359e+05 2.2260e+05
2.1631e+05 2.2230e+05
2.1611e+05 2.2200e+05
2.1638e+05 2.2169e+05
2.1695e+05 2.2138e+05
2.1612e+05 2.2108e+05
2.1519e+05 2.2077e+05
2.1457e+05 2.2047e+05
2.1393e+05 2.2017e+05
2.1369e+05 2.1987e+05
2.1378e+05 2.1957e+05
2.1455e+05 2.1927e+05
2.1405e+05 2.1898e+05
2.1087e+05 2.1868e+05
2.0520e+05 2.1838e+05
2.0312e+05 2.1808e+05
2.0737e+05 2.1778e+05
2.0979e+05 2.1748e+05
2.1143e+05 2.1719e+05
2.1275e+05 2.1689e+05
2.1372e+05 2.1659e+05
2.1367e+05 2.1629e+05
2.1179e+05 2.1599e+05
2.1106e+05 2.1569e+05
2.1226e+05 2.1539e+05
2.1305e+05 2.1509e+05
2.1286e+05 2.1479e+05
2.1253e+05 2.1450e+05
2.1215e+05 2.1420e+05
2.1101e+05 2.1390e+05
2.0979e+05 2.1360e+05
2.0983e+05 2.1330e+05
2.0964e+05 2.1300e+05
2.0907e+05 2.1270e+05
2.0989e+05 2.1240e+05
2.1017e+05 2.1210e+05
2.0915e+05 2.1180e+05
2.0844e+05 2.1150e+05
2.0807e+05 2.1121e+05
2.0611e+05 2.1091e+05
2.0332e+05 2.1061e+05
2.0169e+05 2.1032e+05
2.0201e+05 2.1002e+05
2.0420e+05 2.0973e+05
2.0631e+05 2.0944e+05
2.0697e+05 2.0915e+05
2.0544e+05 2.0886e+05
2.0267e+05 2.0856e+05
2.0283e+05 2.0827e+05
2.0431e+05 2.0798e+05
2.0310e+05 2.0768e+05
2.0075e+05 2.0739e+05
2.0082e+05 2.0710e+05
2.0251e+05 2.0681e+05
2.0308e+05 2.0651e+05
2.0305e+05 2.0622e+05
2.0379e+05 2.0593e+05
2.0369e+05 2.0564e+05
2.0144e+05 2.0534e+05
1.9950e+05 2.0505e+05
2.0037e+05 2.0476e+05
2.0138e+05 2.0446e+05
2.0127e+05 2.0417e+05
2.0143e+05 2.0388e+05
2.0165e+05 2.0359e+05
2.0091e+05 2.0329e+05
1.9900e+05 2.0300e+05
1.9744e+05 2.0271e+05
1.9776e+05 2.0241e+05
1.9830e+05 2.0212e+05
1.9797e+05 2.0183e+05
1.9628e+05 2.0154e+05
1.9347e+05 2.0125e+05
1.9367e+05 2.0096e+05
1.9694e+05 2.0067e+05
1.9850e+05 2.0039e+05
1.9798e+05 2.0010e+05
1.9725e+05 1.9982e+05
1.9725e+05 1.9953e+05
1.9718e+05 1.9925e+05
1.9691e+05 1.9896e+05
1.9682e+05 1.9867e+05
1.9676e+05 1.9839e+05
1.9635e+05 1.9810e+05
1.9524e+05 1.9782e+05
1.9398e+05 1.9753e+05
1.9368e+05 1.9725e+05
1.9397e+05 1.9696e+05
1.9414e+05 1.9668e+05
1.9377e+05 1.9639e+05
1.9241e+05 1.9611e+05
1.8957e+05 1.9582e+05
1.8726e+05 1.9554e+05
1.8855e+05 1.9525e+05
1.8948e+05 1.9497e+05
1.8865e+05 1.9468e+05
1.8917e+05 1.9440e+05
1.9066e+05 1.9411e+05
1.9159e+05 1.9383e+05
1.9192e+05 1.9354e+05
1.9188e+05 1.9326e+05
1.9158e+05 1.9297e+05
1.9109e+05 1.9269e+05
1.9033e+05 1.9241e+05
1.8971e+05 1.9213e+05
1.8960e+05 1.9185e+05
1.8962e+05 1.9157e+05
1.8919e+05 1.9129e+05
1.8833e+05 1.9101e+05
1.8807e+05 1.9073e+05
1.8810e+05 1.9046e+05
1.8756e+05 1.9018e+05
1.8751e+05 1.8990e+05
1.8785e+05 1.8962e+05
1.8733e+05 1.8934e+05
1.8669e+05 1.8906e+05
1.8679e+05 1.8879e+05
1.8621e+05 1.8851e+05
1.8466e+05 1.8823e+05
1.8346e+05 1.8795e+05
1.8318e+05 1.8767e+05
1.8294e+05 1.8740e+05
1.8188e+05 1.8712e+05
1.7994e+05 1.8684e+05
1.7983e+05 1.8656e+05
1.8184e+05 1.8629e+05
1.8229e+05 1.8601e+05
1.8130e+05 1.8573e+05
1.8120e+05 1.8545e+05
1.8194e+05 1.8518e+05
1.8142e+05 1.8490e+05
1.8027e+05 1.8462e+05
1.8003e+05 1.8434e+05
1.8063e+05 1.8407e+05
1.8061e+05 1.8380e+05
1.8024e+05 1.8353e+05
1.7976e+05 1.8325e+05
1.7909e+05 1.8298e+05
1.7962e+05 1.8271e+05
1.8042e+05 1.8244e+05
1.8087e+05 1.8217e+05
1.8094e+05 1.8190e+05
1.8052e+05 1.8163e+05
1.8013e+05 1.8136e+05
1.7999e+05 1.8109e+05
1.7947e+05 1.8082e+05
1.7873e+05 1.8055e+05
1.7860e+05 1.8028e+05
1.7847e+05 1.8001e+05
1.7783e+05 1.7974e+05
1.7767e+05 1.7947e+05
1.7787e+05 1.7920e+05
1.7778e+05 1.7893e+05
1.7738e+05 1.7866e+05
1.7706e+05 1.7839e+05
1.7683e+05 1.7812e+05
1.7643e+05 1.7785e+05
1.7623e+05 1.7758e+05
1.7623e+05 1.7731e+05
1.7601e+05 1.7704e+05
1.7545e+05 1.7677e+05
1.7493e+05 1.7650e+05
1.7474e+05 1.7623e+05
1.7483e+05 1.7597e+05
1.7481e+05 1.7571e+05
1.7441e+05 1.7544e+05
1.7363e+05 1.7518e+05
1.7276e+05 1.7492e+05
1.7199e+05 1.7466e+05
1.7158e+05 1.7440e+05
1.7180e+05 1.7413e+05
1.7229e+05 1.7387e+05
1.7240e+05 1.7361e+05
1.7247e+05 1.7335e+05
1.7239e+05 1.7309e+05
1.7203e+05 1.7283e+05
1.7169e+05 1.7256e+05
1.7133e+05 1.7230e+05
1.7046e+05 1.7204e+05
1.6950e+05 1.7178e+05
1.6947e+05 1.7152e+05
1.6987e+05 1.7126e+05
1.7004e+05 1.7100e+05
1.6987e+05 1.7074e+05
1.6933e+05 1.7048e+05
1.6892e+05 1.7022e+05
1.6827e+05 1.6995e+05
1.6726e+05 1.6969e+05
1.6738e+05 1.6943e+05
1.6807e+05 1.6917e+05
1.6825e+05 1.6891e+05
1.6792e+05 1.6866e+05
1.6752e+05 1.6840e+05
1.6723e+05 1.6815e+05
1.6684e+05 1.6789e+05
1.6627e+05 1.6764e+05
1.6597e+05 1.6739e+05
1.6587e+05 1.6713e+05
1.6549e+05 1.6688e+05
1.6421e+05 1.6663e+05
1.6180e+05 1.6637e+05
1.5974e+05 1.6612e+05
1.6071e+05 1.6587e+05
1.6266e+05 1.6562e+05
1.6260e+05 1.6536e+05
1.6219e+05 1.6511e+05
1.6249e+05 1.6486e+05
1.6236e+05 1.6461e+05
1.6247e+05 1.6435e+05
1.6279e+05 1.6410e+05
1.6260e+05 1.6385e+05
1.6247e+05 1.6360e+05
1.6242e+05 1.6335e+05
1.6193e+05 1.6310e+05
1.6115e+05 1.6285e+05
1.6075e+05 1.6260e+05
1.6081e+05 1.6235e+05
1.6080e+05 1.6210e+05
1.6046e+05 1.6185e+05
1.6009e+05 1.6160e+05
1.5992e+05 1.6135e+05
1.5990e+05 1.6111e+05
1.5951e+05 1.6086e+05
1.5938e+05 1.6061e+05
1.5951e+05 1.6037e+05
1.5927e+05 1.6012e+05
1.5871e+05 1.5988e+05
1.5694e+05 1.5963e+05
1.5463e+05 1.5939e+05
1.5439e+05 1.5914e+05
1.5470e+05 1.5889e+05
1.5541e+05 1.5865e+05
1.5661e+05 1.5840e+05
1.5710e+05 1.5816e+05
1.5703e+05 1.5791e+05
1.5604e+05 1.5767e+05
1.5404e+05 1.5743e+05
1.5322e+05 1.5718e+05
1.5359e+05 1.5694e+05
1.5262e+05 1.5669e+05
1.5207e+05 1.5645e+05
1.5344e+05 1.5621e+05
1.5399e+05 1.5596e+05
1.5265e+05 1.5572e+05
1.5167e+05 1.5547e+05
1.5145e+05 1.5523e+05
1.5080e+05 1.5499e+05
1.5174e+05 1.5475e+05
1.5269e+05 1.5451e+05
1.5129e+05 1.5428e+05
1.4966e+05 1.5404e+05
1.4970e+05 1.5380e+05
1.4822e+05 1.5357e+05
1.4573e+05 1.5333e+05
1.4480e+05 1.5309e+05
1.4578e+05 1.5286e+05
1.4818e+05 1.5262e+05
1.4932e+05 1.5239e+05
1.4745e+05 1.5215e+05
1.4505e+05 1.5192e+05
1.4570e+05 1.5168e+05
1.4730e+05 1.5144e+05
1.4849e+05 1.5121e+05
1.4893e+05 1.5097e+05
1.4883e+05 1.5074e+05
1.4834e+05 1.5050e+05
1.4732e+05 1.5027e+05
1.4627e+05 1.5004e+05
1.4485e+05 1.4980e+05
1.4391e+05 1.4957e+05
1.4366e+05 1.4933e+05
1.4398e+05 1.4910e+05
1.4566e+05 1.4887e+05
1.4634e+05 1.4863e+05
1.4498e+05 1.4840e+05
1.4430e+05 1.4818e+05
1.4530e+05 1.4795e+05
1.4592e+05 1.4772e+05
1.4600e+05 1.4749e+05
1.4605e+05 1.4726e+05
1.4598e+05 1.4703e+05
1.4574e+05 1.4681e+05
1.4544e+05 1.4658e+05
1.4527e+05 1.4635e+05
1.4486e+05 1.4612e+05
1.4397e+05 1.4590e+05
1.4341e+05 1.4567e+05
1.4354e+05 1.4544e+05
1.4349e+05 1.4522e+05
1.4322e+05 1.4499e+05
1.4330e+05 1.4476e+05
1.4295e+05 1.4454e+05
1.4157e+05 1.4431e+05
1.4074e+05 1.4408e+05
1.4147e+05 1.4386e+05
1.4237e+05 1.4363e+05
1.4250e+05 1.4341e+05
1.4193e+05 1.4318e+05
1.4008e+05 1.4296e+05
1.3748e+05 1.4273e+05
1.3738e+05 1.4251e+05
1.3928e+05 1.4229e+05
1.4003e+05 1.4207e+05
1.3947e+05 1.4185e+05
1.3916e+05 1.4163e+05
1.3922e+05 1.4142e+05
1.3933e+05 1.4120e+05
1.3924e+05 1.4098e+05
1.3908e+05 1.4076e+05
1.3919e+05 1.4054e+05
1.3907e+05 1.4032e+05
1.3803e+05 1.4011e+05
1.3625e+05 1.3989e+05
1.3531e+05 1.3967e+05
1.3471e+05 1.3945e+05
1.3480e+05 1.3924e+05
1.3594e+05 1.3902e+05
1.3636e+05 1.3880e+05
1.3624e+05 1.3859e+05
1.3663e+05 1.3837e+05
1.3720e+05 1.3815e+05
1.3686e+05 1.3794e+05
1.3579e+05 1.3772e+05
1.3489e+05 1.3750e+05
1.3479e+05 1.3729e+05
1.3524e+05 1.3707e+05
1.3565e+05 1.3686e+05
1.3575e+05 1.3665e+05
1.3578e+05 1.3644e+05
1.3574e+05 1.3623e+05
1.3557e+05 1.3602e+05
1.3511e+05 1.3581e+05
1.3429e+05 1.3560e+05
1.3270e+05 1.3539e+05
1.3082e+05 1.3518e+05
1.2976e+05 1.3497e+05
1.3062e+05 1.3476e+05
1.3192e+05 1.3455e+05
1.3156e+05 1.3434e+05
1.3174e+05 1.3413e+05
1.3248e+05 1.3392e+05
1.3252e+05 1.3371e+05
1.3189e+05 1.3350e+05
1.3050e+05 1.3329e+05
1.3018e+05 1.3308e+05
1.3134e+05 1.3288e+05
1.3201e+05 1.3267e+05
1.3198e+05 1.3247e+05
1.3168e+05 1.3226e+05
1.3103e+05 1.3206e+05
1.3024e+05 1.3185e+05
1.2923e+05 1.3165e+05
1.2822e+05 1.3145e+05
1.2834e+05 1.3124e+05
1.2922e+05 1.3104e+05
1.2890e+05 1.3084e+05
1.2528e+05 1.3064e+05
1.2131e+05 1.3044e+05
1.2343e+05 1.3023e+05
1.2754e+05 1.3003e+05
1.2881e+05 1.2983e+05
1.2762e+05 1.2963e+05
1.2467e+05 1.2943e+05
1.2396e+05 1.2923e+05
1.2631e+05 1.2903e+05
1.2787e+05 1.2883e+05
1.2812e+05 1.2863e+05
1.2794e+05 1.2843e+05
1.2743e+05 1.2823e+05
1.2656e+05 1.2803e+05
1.2470e+05 1.2784e+05
1.2104e+05 1.2764e+05
1.1833e+05 1.2744e+05
1.1957e+05 1.2724e+05
1.2313e+05 1.2704e+05
1.2455e+05 1.2685e+05
1.2241e+05 1.2665e+05
1.2050e+05 1.2646e+05
1.2235e+05 1.2626e+05
1.2436e+05 1.2607e+05
1.2420e+05 1.2588e+05
1.2177e+05 1.2568e+05
1.1962e+05 1.2549e+05
1.2006e+05 1.2530e+05
1.2094e+05 1.2510e+05
1.2242e+05 1.2491e+05
1.2369e+05 1.2472e+05
1.2404e+05 1.2453e+05
1.2402e+05 1.2433e+05
1.2379e+05 1.2414e+05
1.2314e+05 1.2395e+05
1.2201e+05 1.2376e+05
1.2147e+05 1.2357e+05
1.2207e+05 1.2338e+05
1.2236e+05 1.2319e+05
1.2207e+05 1.2299e+05
1.2192e+05 1.2280e+05
1.2195e+05 1.2261e+05
1.2148e+05 1.2243e+05
1.2016e+05 1.2224e+05
1.1953e+05 1.2205e+05
1.2035e+05 1.2187e+05
1.2088e+05 1.2168e+05
1.2082e+05 1.2150e+05
1.2062e+05 1.2131e+05
1.2041e+05 1.2113e+05
1.2021e+05 1.2094e+05
1.2017e+05 1.2076e+05
1.2020e+05 1.2057e+05
1.2005e+05 1.2039e+05
1.1959e+05 1.2021e+05
1.1894e+05 1.2002e+05
1.1861e+05 1.1984e+05
1.1801e+05 1.1966e+05
1.1674e+05 1.1947e+05
1.1642e+05 1.1929e+05
1.1748e+05 1.1911e+05
1.1823e+05 1.1893e+05
1.1828e+05 1.1874e+05
1.1817e+05 1.1856e+05
1.1806e+05 1.1838e+05
1.1782e+05 1.1820e+05
1.1723e+05 1.1802e+05
1.1649e+05 1.1784e+05
1.1642e+05 1.1767e+05
1.1666e+05 1.1749e+05
1.1652e+05 1.1731e+05
1.1632e+05 1.1714e+05
1.1624e+05 1.1696e+05
1.1607e+05 1.1679e+05
1.1590e+05 1.1661e+05
1.1559e+05 1.1643e+05
1.1527e+05 1.1626e+05
1.1496e+05 1.1608e+05
1.1449e+05 1.1591e+05
1.1442e+05 1.1573e+05
1.1451e+05 1.1556e+05
1.1391e+05 1.1538e+05
1.1352e+05 1.1521e+05
1.1410e+05 1.1504e+05
1.1452e+05 1.1486e+05
1.1442e+05 1.1469e+05
1.1412e+05 1.1452e+05
1.1379e+05 1.1434e+05
1.1365e+05 1.1417e+05
1.1367e+05 1.1400e+05
1.1357e+05 1.1384e+05
1.1324e+05 1.1368e+05
1.1253e+05 1.1351e+05
1.1081e+05 1.1335e+05
1.0857e+05 1.1318e+05
1.0848e+05 1.1301e+05
1.1019e+05 1.1285e+05
1.1128e+05 1.1268e+05
1.1167e+05 1.1251e+05
1.1154e+05 1.1235e+05
1.1100e+05 1.1218e+05
1.1007e+05 1.1201e+05
1.0948e+05 1.1185e+05
1.0999e+05 1.1168e+05
1.1035e+05 1.1152e+05
1.1031e+05 1.1135e+05
1.1054e+05 1.1119e+05
1.1052e+05 1.1102e+05
1.0995e+05 1.1086e+05
1.0968e+05 1.1069e+05
1.0988e+05 1.1053e+05
1.0980e+05 1.1037e+05
1.0945e+05 1.1021e+05
1.0884e+05 1.1005e+05
1.0854e+05 1.0988e+05
1.0887e+05 1.0972e+05
1.0909e+05 1.0956e+05
1.0899e+05 1.0940e+05
1.0862e+05 1.0924e+05
1.0799e+05 1.0909e+05
1.0701e+05 1.0893e+05
1.0543e+05 1.0877e+05
1.0455e+05 1.0861e+05
1.0484e+05 1.0845e+05
1.0472e+05 1.0829e+05
1.0553e+05 1.0813e+05
1.0637e+05 1.0798e+05
1.0663e+05 1.0782e+05
1.0668e+05 1.0766e+05
1.0629e+05 1.0751e+05
1.0620e+05 1.0735e+05
1.0658e+05 1.0719e+05
1.0666e+05 1.0704e+05
1.0621e+05 1.0688e+05
1.0561e+05 1.0673e+05
1.0464e+05 1.0658e+05
1.0342e+05 1.0642e+05
1.0343e+05 1.0627e+05
1.0365e+05 1.0612e+05
1.0348e+05 1.0596e+05
1.0416e+05 1.0581e+05
1.0478e+05 1.0566e+05
1.0481e+05 1.0551e+05
1.0474e+05 1.0537e+05
1.0417e+05 1.0523e+05
1.0348e+05 1.0508e+05
1.0360e+05 1.0493e+05
1.0387e+05 1.0478e+05
1.0389e+05 1.0463e+05
1.0388e+05 1.0449e+05
1.0378e+05 1.0434e+05
1.0360e+05 1.0419e+05
1.0345e+05 1.0404e+05
1.0311e+05 1.0390e+05
1.0258e+05 1.0376e+05
1.0259e+05 1.0361e+05
1.0293e+05 1.0346e+05
1.0286e+05 1.0332e+05
1.0225e+05 1.0317e+05
1.0147e+05 1.0303e+05
1.0115e+05 1.0289e+05
1.0134e+05 1.0274e+05
1.0133e+05 1.0260e+05
1.0118e+05 1.0245e+05
1.0108e+05 1.0231e+05
1.0037e+05 1.0217e+05
9.9837e+04 1.0203e+05
1.0012e+05 1.0188e+05
1.0034e+05 1.0174e+05
1.0006e+05 1.0160e+05
9.9558e+04 1.0146e+05
9.9251e+04 1.0132e+05
9.9263e+04 1.0118e+05
9.9302e+04 1.0104e+05
9.9482e+04 1.0090e+05
9.9676e+04 1.0076e+05
9.9560e+04 1.0062e+05
9.9515e+04 1.0048e+05
9.9599e+04 1.0034e+05
9.9565e+04 1.0020e+05
9.9458e+04 1.0006e+05
9.9083e+04 9.9925e+04
9.8630e+04 9.9787e+04
9.8327e+04 9.9650e+04
9.7894e+04 9.9513e+04
9.7561e+04 9.9376e+04
9.7599e+04 9.9240e+04
9.7689e+04 9.9104e+04
9.7381e+04 9.8968e+04
9.7396e+04 9.8833e+04
9.7834e+04 9.8697e+04
9.7917e+04 9.8562e+04
9.7612e+04 9.8428e+04
9.7359e+04 9.8293e+04
9.7319e+04 9.8159e+04
9.6980e+04 9.8026e+04
9.5855e+04 9.7892e+04
9.5160e+04 9.7760e+04
9.5743e+04 9.7628e+04
9.6260e+04 9.7496e+04
9.6375e+04 9.7365e+04
9.6401e+04 9.7233e+04
9.6139e+04 9.7102e+04
9.5770e+04 9.6971e+04
9.5682e+04 9.6841e+04
9.5446e+04 9.6710e+04
9.4815e+04 9.6580e+04
9.4596e+04 9.6451e+04
9.5059e+04 9.6321e+04
9.5362e+04 9.6192e+04
9.5247e+04 9.6064e+04
9.5108e+04 9.5935e+04
9.4866e+04 9.5807e+04
9.4391e+04 9.5679e+04
9.3867e+04 9.5552e+04
9.3138e+04 9.5425e+04
9.2395e+04 9.5297e+04
9.2433e+04 9.5171e+04
9.2977e+04 9.5044e+04
9.2983e+04 9.4917e+04
9.1993e+04 9.4794e+04
9.1663e+04 9.4677e+04
9.2521e+04 9.4560e+04
9.3199e+04 9.4437e+04
9.3444e+04 9.4312e+04
9.3505e+04 9.4187e+04
9.3406e+04 9.4063e+04
9.3207e+04 9.3940e+04
9.2525e+04 9.3816e+04
9.1030e+04 9.3693e+04
9.0548e+04 9.3569e+04
9.1169e+04 9.3446e+04
9.1042e+04 9.3322e+04
9.0893e+04 9.3200e+04
9.1324e+04 9.3077e+04
9.1423e+04 9.2955e+04
9.0958e+04 9.2833e+04
9.0183e+04 9.2711e+04
8.9417e+04 9.2589e+04
8.9600e+04 9.2467e+04
9.0063e+04 9.2344e+04
8.9399e+04 9.2223e+04
8.8744e+04 9.2101e+04
8.9366e+04 9.1980e+04
9.0320e+04 9.1860e+04
9.0556e+04 9.1740e+04
9.0262e+04 9.1620e+04
8.9849e+04 9.1499e+04
8.9491e+04 9.1380e+04
8.8870e+04 9.1260e+04
8.8805e+04 9.1141e+04
8.9381e+04 9.1022e+04
8.9262e+04 9.0904e+04
8.8517e+04 9.0785e+04
8.8041e+04 9.0667e+04
8.8154e+04 9.0550e+04
8.8316e+04 9.0432e+04
8.8110e+04 9.0315e+04
8.8094e+04 9.0196e+04
8.8287e+04 9.0076e+04
8.8481e+04 8.9957e+04
8.8583e+04 8.9837e+04
8.8045e+04 8.9718e+04
8.7301e+04 8.9599e+04
8.7266e+04 8.9480e+04
8.7248e+04 8.9362e+04
8.4926e+04 8.9244e+04
8.1349e+04 8.9127e+04
8.2014e+04 8.9009e+04
8.5124e+04 8.8893e+04
8.6642e+04 8.8776e+04
8.6979e+04 8.8660e+04
8.6492e+04 8.8544e+04
8.5938e+04 8.8428e+04
8.5894e+04 8.8312e+04
8.5926e+04 8.8197e+04
8.5611e+04 8.8082e+04
8.4301e+04 8.7966e+04
8.0113e+04 8.7848e+04
7.5450e+04 8.7729e+04
7.4763e+04 8.7610e+04
7.8810e+04 8.7492e+04
8.3496e+04 8.7374e+04
8.5257e+04 8.7256e+04
8.5523e+04 8.7139e+04
8.5466e+04 8.7022e+04
8.5073e+04 8.6905e+04
8.4701e+04 8.6789e+04
8.4437e+04 8.6673e+04
8.4072e+04 8.6557e+04
8.4198e+04 8.6442e+04
8.4589e+04 8.6327e+04
8.4142e+04 8.6212e+04
8.3337e+04 8.6097e+04
8.3313e+04 8.5983e+04
8.3634e+04 8.5868e+04
8.3793e+04 8.5753e+04
8.3948e+04 8.5634e+04
8.3604e+04 8.5515e+04
8.2479e+04 8.5394e+04
8.2577e+04 8.5275e+04
8.3582e+04 8.5155e+04
8.3454e+04 8.5036e+04
8.3232e+04 8.4917e+04
8.3537e+04 8.4799e+04
8.3244e+04 8.4681e+04
8.2295e+04 8.4563e+04
8.1824e+04 8.4446e+04
8.2410e+04 8.4329e+04
8.2984e+04 8.4212e+04
8.3075e+04 8.4096e+04
8.3024e+04 8.3980e+04
8.2855e+04 8.3865e+04
8.2260e+04 8.3749e+04
8.1481e+04 8.3633e+04
8.1041e+04 8.3515e+04
8.0873e+04 8.3392e+04
8.0268e+04 8.3268e+04
7.9704e+04 8.3143e+04
8.0037e+04 8.3019e+04
8.0630e+04 8.2894e+04
8.0029e+04 8.2770e+04
7.8787e+04 8.2646e+04
7.8470e+04 8.2523e+04
7.8444e+04 8.2400e+04
7.8758e+04 8.2277e+04
7.9164e+04 8.2154e+04
7.8818e+04 8.2032e+04
7.8040e+04 8.1910e+04
7.7956e+04 8.1788e+04
7.9039e+04 8.1666e+04
7.9187e+04 8.1545e+04
7.6820e+04 8.1423e+04
7.3030e+04 8.1300e+04
7.0720e+04 8.1171e+04
7.1714e+04 8.1038e+04
7.5139e+04 8.0902e+04
7.6812e+04 8.0767e+04
7.5996e+04 8.0631e+04
7.5082e+04 8.0496e+04
7.5845e+04 8.0362e+04
7.6597e+04 8.0227e+04
7.5343e+04 8.0092e+04
7.2101e+04 7.9958e+04
6.9784e+04 7.9824e+04
7.1183e+04 7.9691e+04
7.3912e+04 7.9557e+04
7.5400e+04 7.9424e+04
7.5179e+04 7.9291e+04
7.4603e+04 7.9158e+04
7.5244e+04 7.9025e+04
7.5865e+04 7.8891e+04
7.5417e+04 7.8753e+04
7.5327e+04 7.8609e+04
7.5317e+04 7.8463e+04
7.4884e+04 7.8317e+04
7.4817e+04 7.8170e+04
7.4792e+04 7.8024e+04
7.4538e+04 7.7878e+04
7.4158e+04 7.7728e+04
7.4253e+04 7.7575e+04
7.4186e+04 7.7419e+04
7.3573e+04 7.7262e+04
7.2514e+04 7.7106e+04
7.2151e+04 7.6950e+04
7.1929e+04 7.6793e+04
7.1254e+04 7.6634e+04
7.1400e+04 7.6470e+04
7.2121e+04 7.6302e+04
7.2732e+04 7.6133e+04
7.3834e+04 7.5964e+04
7.4736e+04 7.5795e+04
7.4698e+04 7.5626e+04
7.3985e+04 7.5451e+04
7.2867e+04 7.5267e+04
7.2431e+04 7.5073e+04
7.3016e+04 7.4877e+04
7.2994e+04 7.4681e+04
7.1695e+04 7.4485e+04
7.0149e+04 7.4289e+04
6.9681e+04 7.4094e+04
7.0319e+04 7.3899e+04
7.0823e+04 7.3704e+04
7.0489e+04 7.3503e+04
7.0674e+04 7.3293e+04
7.0917e+04 7.3076e+04
7.0223e+04 7.2857e+04
6.9860e+04 7.2639e+04
6.9670e+04 7.2421e+04
6.9113e+04 7.2204e+04
6.9056e+04 7.1987e+04
6.9084e+04 7.1771e+04
6.9170e+04 7.1556e+04
6.9350e+04 7.1341e+04
6.9548e+04 7.1127e+04
6.9529e+04 7.0913e+04
6.9101e+04 7.0700e+04
6.8509e+04 7.0488e+04
6.7888e+04 7.0276e+04
6.7559e+04 7.0065e+04
6.7583e+04 6.9854e+04
6.7804e+04 6.9644e+04
6.7310e+04 6.9434e+04
6.6604e+04 6.9225e+04
6.6066e+04 6.9017e+04
6.5184e+04 6.8809e+04
6.5642e+04 6.8602e+04
6.6732e+04 6.8395e+04
6.7012e+04 6.8189e+04
6.6687e+04 6.7984e+04
6.6254e+04 6.7779e+04
6.5940e+04 6.7575e+04
6.5426e+04 6.7371e+04
6.5131e+04 6.7168e+04
6.5280e+04 6.6965e+04
6.5532e+04 6.6763e+04
6.5736e+04 6.6562e+04
6.5607e+04 6.6361e+04
6.5253e+04 6.6161e+04
6.4736e+04 6.5961e+04
6.4380e+04 6.5762e+04
6.4091e+04 6.5563e+04
6.3396e+04 6.5365e+04
6.3244e+04 6.5167e+04
6.3695e+04 6.4970e+04
6.3785e+04 6.4774e+04
6.3610e+04 6.4578e+04
6.3379e+04 6.4383e+04
6.2446e+04 6.4188e+04
6.0544e+04 6.3994e+04
6.0249e+04 6.3800e+04
6.1763e+04 6.3607e+04
6.2453e+04 6.3415e+04
6.2394e+04 6.3223e+04
6.2351e+04 6.3032e+04
6.2066e+04 6.2841e+04
6.1491e+04 6.2650e+04
6.1064e+04 6.2461e+04
6.1056e+04 6.2271e+04
6.1226e+04 6.2083e+04
6.1032e+04 6.1894e+04
6.0579e+04 6.1707e+04
6.0121e+04 6.1520e+04
5.9481e+04 6.1333e+04
5.8730e+04 6.1147e+04
5.8793e+04 6.0962e+04
5.9331e+04 6.0777e+04
5.9469e+04 6.0593e+04
5.9312e+04 6.0409e+04
5.8971e+04 6.0225e+04
5.8768e+04 6.0042e+04
5.8745e+04 5.9860e+04
5.8436e+04 5.9678e+04
5.7818e+04 5.9497e+04
5.7608e+04 5.9316e+04
5.7873e+04 5.9136e+04
5.8018e+04 5.8956e+04
5.8017e+04 5.8777e+04
5.7899e+04 5.8599e+04
5.7549e+04 5.8420e+04
5.6987e+04 5.8243e+04
5.6553e+04 5.8066e+04
5.6323e+04 5.7889e+04
5.5872e+04 5.7713e+04
5.5909e+04 5.7537e+04
5.6474e+04 5.7362e+04
5.6698e+04 5.7187e+04
5.6367e+04 5.7013e+04
5.5595e+04 5.6840e+04
5.4712e+04 5.6667e+04
5.4067e+04 5.6494e+04
5.3942e+04 5.6322e+04
5.4072e+04 5.6150e+04
5.4159e+04 5.5979e+04
5.4432e+04 5.5809e+04
5.4659e+04 5.5638e+04
5.4425e+04 5.5469e+04
5.3950e+04 5.5300e+04
5.3590e+04 5.5131e+04
5.3712e+04 5.4963e+04
5.3964e+04 5.4795e+04
5.3815e+04 5.4628e+04
5.3458e+04 5.4461e+04
5.2994e+04 5.4295e+04
5.2499e+04 5.4129e+04
5.2516e+04 5.3964e+04
5.2582e+04 5.3799e+04
5.2072e+04 5.3635e+04
5.1387e+04 5.3471e+04
5.1154e+04 5.3308e+04
5.1232e+04 5.3145e+04
5.1226e+04 5.2983e+04
5.1265e+04 5.2821e+04
5.1097e+04 5.2659e+04
5.0600e+04 5.2498e+04
5.0366e+04 5.2338e+04
5.0551e+04 5.2178e+04
5.0585e+04 5.2018e+04
5.0344e+04 5.1859e+04
5.0107e+04 5.1700e+04
4.9945e+04 5.1542e+04
5.0015e+04 5.1384e+04
5.0170e+04 5.1227e+04
5.0147e+04 5.1070e+04
5.0232e+04 5.0914e+04
5.0092e+04 5.0758e+04
4.9549e+04 5.0602e+04
4.9319e+04 5.0447e+04
4.9450e+04 5.0292e+04
4.9418e+04 5.0138e+04
4.8975e+04 4.9984e+04
4.7933e+04 4.9831e+04
4.7123e+04 4.9678e+04
4.7108e+04 4.9526e+04
4.6846e+04 4.9374e+04
4.6384e+04 4.9222e+04
4.6489e+04 4.9071e+04
4.6445e+04 4.8921e+04
4.6072e+04 4.8770e+04
4.6339e+04 4.8621e+04
4.6788e+04 4.8471e+04
4.6828e+04 4.8322e+04
4.6802e+04 4.8174e+04
4.6654e+04 4.8026e+04
4.6443e+04 4.7878e+04
4.6388e+04 4.7731e+04
4.6533e+04 4.7584e+04
4.6721e+04 4.7438e+04
4.6622e+04 4.7292e+04
4.6214e+04 4.7148e+04
4.5664e+04 4.7003e+04
4.5374e+04 4.6859e+04
4.5421e+04 4.6715e+04
4.5137e+04 4.6571e+04
4.4193e+04 4.6428e+04
4.3009e+04 4.6285e+04
4.2407e+04 4.6142e+04
4.3228e+04 4.6000e+04
4.4410e+04 4.5859e+04
4.4857e+04 4.5717e+04
4.4702e+04 4.5577e+04
4.4465e+04 4.5436e+04
4.4128e+04 4.5296e+04
4.3923e+04 4.5157e+04
4.3854e+04 4.5017e+04
4.3695e+04 4.4879e+04
4.3504e+04 4.4740e+04
4.3340e+04 4.4602e+04
4.3080e+04 4.4465e+04
4.2997e+04 4.4328e+04
4.3126e+04 4.4191e+04
4.3235e+04 4.4055e+04
4.3218e+04 4.3919e+04
4.3010e+04 4.3783e+04
4.2951e+04 4.3648e+04
4.3051e+04 4.3513e+04
4.2986e+04 4.3379e+04
4.2689e+04 4.3245e+04
4.2305e+04 4.3112e+04
4.2252e+04 4.2979e+04
4.2383e+04 4.2846e+04
4.2275e+04 4.2714e+04
4.1955e+04 4.2582e+04
4.1578e+04 4.2450e+04
4.1501e+04 4.2319e+04
4.1635e+04 4.2188e+04
4.1518e+04 4.2058e+04
4.1112e+04 4.1928e+04
4.0757e+04 4.1798e+04
4.0308e+04 4.1669e+04
3.9943e+04 4.1540e+04
4.0221e+04 4.1411e+04
4.0568e+04 4.1283e+04
4.0627e+04 4.1156e+04
4.0304e+04 4.1028e+04
3.9970e+04 4.0901e+04
3.9732e+04 4.0775e+04
3.8996e+04 4.0648e+04
3.8108e+04 4.0523e+04
3.8094e+04 4.0397e+04
3.8545e+04 4.0272e+04
3.8218e+04 4.0147e+04
3.8136e+04 4.0023e+04
3.8886e+04 3.9899e+04
3.9344e+04 3.9775e+04
3.9324e+04 3.9652e+04
3.9074e+04 3.9529e+04
3.8782e+04 3.9407e+04
3.8472e+04 3.9285e+04
3.8319e+04 3.9164e+04
3.8488e+04 3.9042e+04
3.8675e+04 3.8921e+04
3.8621e+04 3.8800e+04
3.8208e+04 3.8680e+04
3.7415e+04 3.8560e+04
3.7047e+04 3.8440e+04
3.7084e+04 3.8321e+04
3.6225e+04 3.8202e+04
3.5567e+04 3.8084e+04
3.6293e+04 3.7965e+04
3.6911e+04 3.7847e+04
3.6684e+04 3.7730e+04
3.5865e+04 3.7613e+04
3.5819e+04 3.7496e+04
3.6560e+04 3.7379e+04
3.6668e+04 3.7263e+04
3.6061e+04 3.7148e+04
3.5715e+04 3.7032e+04
3.5862e+04 3.6917e+04
3.6012e+04 3.6802e+04
3.6193e+04 3.6688e+04
3.6175e+04 3.6574e+04
3.5975e+04 3.6460e+04
3.5856e+04 3.6347e+04
3.5813e+04 3.6234e+04
3.5793e+04 3.6121e+04
3.5733e+04 3.6009e+04
3.5692e+04 3.5897e+04
3.5653e+04 3.5785e+04
3.5555e+04 3.5674e+04
3.5421e+04 3.5562e+04
3.5293e+04 3.5452e+04
3.5177e+04 3.5341e+04
3.5041e+04 3.5231e+04
3.4893e+04 3.5122e+04
3.4776e+04 3.5012e+04
3.4604e+04 3.4903e+04
3.4327e+04 3.4795e+04
3.4199e+04 3.4686e+04
3.4252e+04 3.4578e+04
3.4204e+04 3.4470e+04
3.4054e+04 3.4363e+04
3.3894e+04 3.4256e+04
3.3820e+04 3.4149e+04
3.3847e+04 3.4043e+04
3.3815e+04 3.3936e+04
3.3701e+04 3.3831e+04
3.3541e+04 3.3725e+04
3.3370e+04 3.3620e+04
3.3206e+04 3.3515e+04
3.3084e+04 3.3410e+04
3.3025e+04 3.3306e+04
3.2984e+04 3.3202e+04
3.2905e+04 3.3099e+04
3.2709e+04 3.2995e+04
3.2421e+04 3.2892e+04
3.2244e+04 3.2790e+04
3.2240e+04 3.2687e+04
3.2276e+04 3.2585e+04
3.2113e+04 3.2483e+04
3.1839e+04 3.2382e+04
3.1663e+04 3.2281e+04
3.1627e+04 3.2180e+04
3.1713e+04 3.2079e+04
3.1811e+04 3.1979e+04
3.1748e+04 3.1879e+04
3.1546e+04 3.1780e+04
3.1368e+04 3.1680e+04
3.1229e+04 3.1581e+04
3.1173e+04 3.1483e+04
3.1194e+04 3.1384e+04
3.1080e+04 3.1286e+04
3.0782e+04 3.1188e+04
3.0568e+04 3.1091e+04
3.0635e+04 3.0993e+04
3.0685e+04 3.0896e+04
3.0644e+04 3.0800e+04
3.0588e+04 3.0703e+04
3.0481e+04 3.0607e+04
3.0188e+04 3.0511e+04
2.9597e+04 3.0416e+04
2.9257e+04 3.0321e+04
2.9459e+04 3.0226e+04
2.9678e+04 3.0131e+04
2.9749e+04 3.0037e+04
2.9597e+04 2.9943e+04
2.9312e+04 2.9849e+04
2.9206e+04 2.9755e+04
2.9203e+04 2.9662e+04
2.9130e+04 2.9569e+04
2.9101e+04 2.9477e+04
2.9114e+04 2.9385e+04
2.9135e+04 2.9295e+04
2.9111e+04 2.9204e+04
2.9036e+04 2.9113e+04
2.8877e+04 2.9022e+04
2.8578e+04 2.8931e+04
2.8368e+04 2.8840e+04
2.8450e+04 2.8750e+04
2.8528e+04 2.8659e+04
2.8458e+04 2.8569e+04
2.8308e+04 2.8480e+04
2.8167e+04 2.8390e+04
2.8091e+04 2.8302e+04
2.8040e+04 2.8213e+04
2.7968e+04 2.8126e+04
2.7868e+04 2.8038e+04
2.7792e+04 2.7950e+04
2.7741e+04 2.7862e+04
2.7680e+04 2.7774e+04
2.7572e+04 2.7687e+04
2.7379e+04 2.7600e+04
2.7127e+04 2.7514e+04
2.6947e+04 2.7427e+04
2.6982e+04 2.7341e+04
2.7071e+04 2.7255e+04
2.7071e+04 2.7169e+04
2.6999e+04 2.7084e+04
2.6818e+04 2.6999e+04
2.6519e+04 2.6914e+04
2.6333e+04 2.6829e+04
2.6310e+04 2.6745e+04
2.6261e+04 2.6661e+04
2.6254e+04 2.6577e+04
2.6109e+04 2.6493e+04
2.5890e+04 2.6410e+04
2.5935e+04 2.6327e+04
2.6074e+04 2.6244e+04
2.6068e+04 2.6161e+04
2.5993e+04 2.6079e+04
2.5927e+04 2.5997e+04
2.5846e+04 2.5915e+04
2.5729e+04 2.5834e+04
2.5455e+04 2.5753e+04
2.4930e+04 2.5671e+04
2.4666e+04 2.5591e+04
2.4897e+04 2.5510e+04
2.5172e+04 2.5430e+04
2.5236e+04 2.5350e+04
2.5183e+04 2.5270e+04
2.5118e+04 2.5190e+04
2.5042e+04 2.5111e+04
2.4949e+04 2.5032e+04
2.4830e+04 2.4953e+04
2.4646e+04 2.4874e+04
2.4482e+04 2.4796e+04
2.4499e+04 2.4717e+04
2.4543e+04 2.4639e+04
2.4504e+04 2.4562e+04
2.4422e+04 2.4484e+04
2.4259e+04 2.4408e+04
2.4024e+04 2.4332e+04
2.3935e+04 2.4257e+04
2.3976e+04 2.4181e+04
2.3974e+04 2.4105e+04
2.3879e+04 2.4029e+04
2.3732e+04 2.3953e+04
2.3687e+04 2.3878e+04
2.3657e+04 2.3803e+04
2.3546e+04 2.3728e+04
2.3470e+04 2.3653e+04
2.3428e+04 2.3578e+04
2.3212e+04 2.3504e+04
2.2760e+04 2.3429e+04
2.2485e+04 2.3355e+04
2.2551e+04 2.3282e+04
2.2767e+04 2.3208e+04
2.2952e+04 2.3135e+04
2.2972e+04 2.3062e+04
2.2926e+04 2.2989e+04
2.2851e+04 2.2916e+04
2.2741e+04 2.2844e+04
2.2539e+04 2.2772e+04
2.2261e+04 2.2700e+04
2.2193e+04 2.2628e+04
2.2290e+04 2.2557e+04
2.2308e+04 2.2485e+04
2.2258e+04 2.2414e+04
2.2059e+04 2.2343e+04
2.1511e+04 2.2273e+04
2.1026e+04 2.2203e+04
2.1056e+04 2.2132e+04
2.1258e+04 2.2062e+04
2.1377e+04 2.1993e+04
2.1406e+04 2.1923e+04
2.1346e+04 2.1854e+04
2.1296e+04 2.1785e+04
2.1315e+04 2.1716e+04
2.1314e+04 2.1647e+04
2.1249e+04 2.1579e+04
2.1138e+04 2.1511e+04
2.1058e+04 2.1442e+04
2.0992e+04 2.1375e+04
2.0637e+04 2.1307e+04
1.9914e+04 2.1240e+04
1.9580e+04 2.1172e+04
1.9799e+04 2.1105e+04
2.0014e+04 2.1039e+04
2.0097e+04 2.0972e+04
2.0100e+04 2.0906e+04
2.0018e+04 2.0839e+04
1.9918e+04 2.0773e+04
1.9904e+04 2.0708e+04
2.0034e+04 2.0642e+04
2.0129e+04 2.0577e+04
2.0118e+04 2.0512e+04
2.0085e+04 2.0447e+04
1.9959e+04 2.0382e+04
1.9479e+04 2.0317e+04
1.8784e+04 2.0253e+04
1.8566e+04 2.0189e+04
1.8749e+04 2.0125e+04
1.8963e+04 2.0061e+04
1.9129e+04 1.9997e+04
1.9205e+04 1.9934e+04
1.9227e+04 1.9871e+04
1.9209e+04 1.9808e+04
1.9156e+04 1.9745e+04
1.9134e+04 1.9682e+04
1.9145e+04 1.9620e+04
1.9142e+04 1.9557e+04
1.9105e+04 1.9495e+04
1.8966e+04 1.9434e+04
1.8498e+04 1.9372e+04
1.7772e+04 1.9310e+04
1.7493e+04 1.9249e+04
1.7771e+04 1.9188e+04
1.8082e+04 1.9127e+04
1.8198e+04 1.9066e+04
1.8222e+04 1.9006e+04
1.8242e+04 1.8946e+04
1.8269e+04 1.8885e+04
1.8280e+04 1.8826e+04
1.8267e+04 1.8766e+04
1.8229e+04 1.8706e+04
1.8177e+04 1.8647e+04
1.8120e+04 1.8588e+04
1.8030e+04 1.8529e+04
1.7726e+04 1.8470e+04
1.7249e+04 1.8411e+04
1.7101e+04 1.8353e+04
1.7258e+04 1.8294e+04
1.7381e+04 1.8236e+04
1.7422e+04 1.8178e+04
1.7417e+04 1.8120e+04
1.7404e+04 1.8063e+04
1.7405e+04 1.8005e+04
1.7401e+04 1.7948e+04
1.7355e+04 1.7891e+04
1.7307e+04 1.7834e+04
1.7289e+04 1.7778e+04
1.7271e+04 1.7721e+04
1.7219e+04 1.7665e+04
1.7036e+04 1.7609e+04
1.6669e+04 1.7553e+04
1.6436e+04 1.7497e+04
1.6462e+04 1.7441e+04
1.6483e+04 1.7386e+04
1.6400e+04 1.7331e+04
1.6338e+04 1.7275e+04
1.6425e+04 1.7220e+04
1.6508e+04 1.7166e+04
1.6482e+04 1.7111e+04
1.6490e+04 1.7057e+04
1.6520e+04 1.7002e+04
1.6498e+04 1.6948e+04
1.6403e+04 1.6894e+04
1.6295e+04 1.6841e+04
1.6233e+04 1.6787e+04
1.6000e+04 1.6734e+04
1.5566e+04 1.6680e+04
1.5356e+04 1.6627e+04
1.5421e+04 1.6574e+04
1.5450e+04 1.6521e+04
1.5579e+04 1.6469e+04
1.5782e+04 1.6416e+04
1.5839e+04 1.6364e+04
1.5830e+04 1.6312e+04
1.5811e+04 1.6260e+04
1.5785e+04 1.6208e+04
1.5760e+04 1.6157e+04
1.5723e+04 1.6105e+04
1.5677e+04 1.6054e+04
1.5598e+04 1.6003e+04
1.5450e+04 1.5952e+04
1.5275e+04 1.5901e+04
1.5207e+04 1.5850e+04
1.5239e+04 1.5800e+04
1.5257e+04 1.5749e+04
1.5248e+04 1.5699e+04
1.5208e+04 1.5649e+04
1.5152e+04 1.5599e+04
1.5122e+04 1.5549e+04
1.5113e+04 1.5500e+04
1.5077e+04 1.5450e+04
1.5022e+04 1.5401e+04
1.4967e+04 1.5352e+04
1.4814e+04 1.5303e+04
1.4503e+04 1.5254e+04
1.4349e+04 1.5205e+04
1.4462e+04 1.5157e+04
1.4467e+04 1.5108e+04
1.4391e+04 1.5060e+04
1.4316e+04 1.5012e+04
1.4293e+04 1.4964e+04
1.4317e+04 1.4916e+04
1.4332e+04 1.4869e+04
1.4278e+04 1.4821e+04
1.4175e+04 1.4774e+04
1.4169e+04 1.4727e+04
1.4228e+04 1.4680e+04
1.4262e+04 1.4633e+04
1.4264e+04 1.4586e+04
1.4260e+04 1.4539e+04
1.4236e+04 1.4493e+04
1.4184e+04 1.4447e+04
1.4081e+04 1.4400e+04
1.3936e+04 1.4354e+04
1.3790e+04 1.4308e+04
1.3732e+04 1.4263e+04
1.3794e+04 1.4217e+04
1.3809e+04 1.4172e+04
1.3747e+04 1.4126e+04
1.3695e+04 1.4081e+04
1.3684e+04 1.4036e+04
1.3680e+04 1.3991e+04
1.3680e+04 1.3946e+04
1.3661e+04 1.3902e+04
1.3631e+04 1.3857e+04
1.3597e+04 1.3813e+04
1.3567e+04 1.3769e+04
1.3528e+04 1.3725e+04
1.3441e+04 1.3681e+04
1.3307e+04 1.3637e+04
1.3130e+04 1.3593e+04
1.2951e+04 1.3550e+04
1.2900e+04 1.3506e+04
1.2991e+04 1.3463e+04
1.3093e+04 1.3420e+04
1.3131e+04 1.3377e+04
1.3116e+04 1.3334e+04
1.3019e+04 1.3291e+04
1.2786e+04 1.3249e+04
1.2662e+04 1.3206e+04
1.2790e+04 1.3164e+04
1.2890e+04 1.3122e+04
1.2887e+04 1.3080e+04
1.2846e+04 1.3038e+04
1.2751e+04 1.2996e+04
1.2633e+04 1.2954e+04
1.2605e+04 1.2913e+04
1.2590e+04 1.2871e+04
1.2479e+04 1.2830e+04
1.2362e+04 1.2789e+04
1.2326e+04 1.2748e+04
1.2401e+04 1.2707e+04
1.2479e+04 1.2666e+04
1.2488e+04 1.2626e+04
1.2456e+04 1.2585e+04
1.2421e+04 1.2545e+04
1.2380e+04 1.2504e+04
1.2339e+04 1.2464e+04
1.2304e+04 1.2424e+04
1.2253e+04 1.2384e+04
1.2198e+04 1.2345e+04
1.2149e+04 1.2305e+04
1.2101e+04 1.2266e+04
1.2065e+04 1.2226e+04
1.2039e+04 1.2187e+04
1.1997e+04 1.2148e+04
1.1958e+04 1.2109e+04
1.1905e+04 1.2070e+04
1.1844e+04 1.2031e+04
1.1823e+04 1.1992e+04
1.1816e+04 1.1954e+04
1.1807e+04 1.1916e+04
1.1769e+04 1.1877e+04
1.1708e+04 1.1839e+04
1.1669e+04 1.1801e+04
1.1649e+04 1.1763e+04
1.1616e+04 1.1725e+04
1.1579e+04 1.1688e+04
1.1541e+04 1.1650e+04
1.1496e+04 1.1613e+04
1.1450e+04 1.1575e+04
1.1394e+04 1.1538e+04
1.1354e+04 1.1501e+04
1.1332e+04 1.1464e+04
1.1325e+04 1.1427e+04
1.1309e+04 1.1390e+04
1.1274e+04 1.1354e+04
1.1240e+04 1.1317e+04
1.1192e+04 1.1281e+04
1.1143e+04 1.1245e+04
1.1115e+04 1.1208e+04
1.1091e+04 1.1172e+04
1.1051e+04 1.1136e+04
1.1008e+04 1.1100e+04
1.0974e+04 1.1065e+04
1.0929e+04 1.1029e+04
1.0877e+04 1.0994e+04
1.0847e+04 1.0958e+04
1.0828e+04 1.0923e+04
1.0790e+04 1.0888e+04
1.0753e+04 1.0853e+04
1.0738e+04 1.0818e+04
1.0714e+04 1.0783e+04
1.0679e+04 1.0748e+04
1.0645e+04 1.0714e+04
1.0621e+04 1.0679e+04
1.0583e+04 1.0645e+04
1.0525e+04 1.0610e+04
1.0486e+04 1.0576e+04
1.0471e+04 1.0542e+04
1.0442e+04 1.0508e+04
1.0393e+04 1.0474e+04
1.0350e+04 1.0441e+04
1.0324e+04 1.0407e+04
1.0295e+04 1.0373e+04
1.0261e+04 1.0340e+04
1.0235e+04 1.0307e+04
1.0207e+04 1.0273e+04
1.0176e+04 1.0240e+04
1.0153e+04 1.0207e+04
1.0128e+04 1.0174e+04
1.0101e+04 1.0141e+04
1.0069e+04 1.0109e+04
1.0022e+04 1.0076e+04
9.9756e+03 1.0044e+04
9.9444e+03 1.0011e+04
9.9235e+03 9.9790e+03
9.8986e+03 9.9468e+03
9.8482e+03 9.9147e+03
9.7793e+03 9.8827e+03
9.7211e+03 9.8508e+03
9.7051e+03 9.8190e+03
9.7059e+03 9.7873e+03
9.7007e+03 9.7557e+03
9.6784e+03 9.7242e+03
9.6237e+03 9.6928e+03
9.5611e+03 9.6616e+03
9.5318e+03 9.6304e+03
9.5306e+03 9.5993e+03
9.5278e+03 9.5683e+03
9.5041e+03 9.5374e+03
9.4562e+03 9.5066e+03
9.3958e+03 9.4759e+03
9.3627e+03 9.4453e+03
9.3519e+03 9.4148e+03
9.3317e+03 9.3844e+03
9.3094e+03 9.3540e+03
9.2792e+03 9.3238e+03
9.2406e+03 9.2937e+03
9.2132e+03 9.2637e+03
9.1934e+03 9.2337e+03
9.1720e+03 9.2039e+03
9.1448e+03 9.1741e+03
9.1122e+03 9.1445e+03
9.0865e+03 9.1149e+03
9.0619e+03 9.0855e+03
9.0235e+03 9.0561e+03
8.9788e+03 9.0268e+03
8.9308e+03 8.9976e+03
8.8798e+03 8.9686e+03
8.8629e+03 8.9396e+03
8.8505e+03 8.9106e+03
8.8165e+03 8.8818e+03
8.7871e+03 8.8531e+03
8.7693e+03 8.8245e+03
8.7450e+03 8.7959e+03
8.7211e+03 8.7675e+03
8.7021e+03 8.7391e+03
8.6805e+03 8.7109e+03
8.6556e+03 8.6827e+03
8.6269e+03 8.6546e+03
8.5958e+03 8.6266e+03
8.5625e+03 8.5987e+03
8.5289e+03 8.5708e+03
8.4913e+03 8.5431e+03
8.4428e+03 8.5154e+03
8.4167e+03 8.4879e+03
8.4190e+03 8.4604e+03
8.4088e+03 8.4330e+03
8.3872e+03 8.4057e+03
8.3645e+03 8.3785e+03
8.3355e+03 8.3514e+03
8.2960e+03 8.3243e+03
8.2621e+03 8.2974e+03
8.2428e+03 8.2705e+03
8.2198e+03 8.2437e+03
8.1854e+03 8.2170e+03
8.1524e+03 8.1904e+03
8.1344e+03 8.1639e+03
8.1141e+03 8.1374e+03
8.0825e+03 8.1111e+03
8.0588e+03 8.0848e+03
8.0374e+03 8.0586e+03
8.0089e+03 8.0325e+03
7.9805e+03 8.0064e+03
7.9510e+03 7.9805e+03
7.9200e+03 7.9546e+03
7.8912e+03 7.9288e+03
7.8725e+03 7.9031e+03
7.8558e+03 7.8775e+03
7.8275e+03 7.8520e+03
7.7855e+03 7.8265e+03
7.7345e+03 7.8011e+03
7.7028e+03 7.7758e+03
7.6953e+03 7.7506e+03
7.6826e+03 7.7254e+03
7.6669e+03 7.7003e+03
7.6497e+03 7.6753e+03
7.6255e+03 7.6503e+03
7.6069e+03 7.6255e+03
7.5867e+03 7.6007e+03
7.5538e+03 7.5760e+03
7.5206e+03 7.5514e+03
7.4981e+03 7.5268e+03
7.4799e+03 7.5024e+03
7.4611e+03 7.4780e+03
7.4382e+03 7.4537e+03
7.4076e+03 7.4294e+03
7.3675e+03 7.4053e+03
7.3212e+03 7.3812e+03
7.2860e+03 7.3572e+03
7.2732e+03 7.3333e+03
7.2675e+03 7.3095e+03
7.2630e+03 7.2857e+03
7.2494e+03 7.2621e+03
7.2283e+03 7.2386e+03
7.2051e+03 7.2151e+03
7.1786e+03 7.1917e+03
7.1539e+03 7.1683e+03
7.1161e+03 7.1449e+03
7.0301e+03 7.1217e+03
6.9548e+03 7.0985e+03
6.9819e+03 7.0754e+03
7.0213e+03 7.0524e+03
7.0091e+03 7.0295e+03
6.9732e+03 7.0066e+03
6.9426e+03 6.9838e+03
6.9227e+03 6.9611e+03
6.9010e+03 6.9385e+03
6.8785e+03 6.9160e+03
6.8612e+03 6.8935e+03
6.8444e+03 6.8710e+03
6.8228e+03 6.8487e+03
6.7811e+03 6.8264e+03
6.7256e+03 6.8041e+03
6.7119e+03 6.7820e+03
6.7230e+03 6.7599e+03
6.7116e+03 6.7379e+03
6.6872e+03 6.7159e+03
6.6616e+03 6.6941e+03
6.6404e+03 6.6723e+03
6.6207e+03 6.6505e+03
6.6044e+03 6.6289e+03
6.5859e+03 6.6073e+03
6.5561e+03 6.5858e+03
6.5265e+03 6.5643e+03
6.5095e+03 6.5429e+03
6.4993e+03 6.5216e+03
6.4833e+03 6.5004e+03
6.4631e+03 6.4792e+03
6.4453e+03 6.4581e+03
6.4233e+03 6.4370e+03
6.3936e+03 6.4161e+03
6.3691e+03 6.3951e+03
6.3515e+03 6.3743e+03
6.3373e+03 6.3535e+03
6.3180e+03 6.3328e+03
6.2819e+03 6.3122e+03
6.2416e+03 6.2916e+03
6.2274e+03 6.2711e+03
6.2222e+03 6.2506e+03
6.2020e+03 6.2303e+03
6.1736e+03 6.2100e+03
6.1497e+03 6.1899e+03
6.1344e+03 6.1698e+03
6.1208e+03 6.1498e+03
6.1005e+03 6.1297e+03
6.0791e+03 6.1097e+03
6.0657e+03 6.0898e+03
6.0572e+03 6.0700e+03
6.0435e+03 6.0502e+03
6.0242e+03 6.0304e+03
6.0056e+03 6.0108e+03
5.9874e+03 5.9911e+03
5.9665e+03 5.9716e+03
5.9438e+03 5.9521e+03
5.9238e+03 5.9327e+03
5.9064e+03 5.9133e+03
5.8875e+03 5.8941e+03
5.8648e+03 5.8748e+03
5.8363e+03 5.8556e+03
5.8007e+03 5.8365e+03
5.7726e+03 5.8175e+03
5.7602e+03 5.7985e+03
5.7435e+03 5.7796e+03
5.7094e+03 5.7607e+03
5.6830e+03 5.7419e+03
5.6744e+03 5.7231e+03
5.6691e+03 5.7044e+03
5.6590e+03 5.6858e+03
5.6457e+03 5.6672e+03
5.6277e+03 5.6487e+03
5.6050e+03 5.6303e+03
5.5518e+03 5.6119e+03
5.4666e+03 5.5936e+03
5.4416e+03 5.5753e+03
5.4840e+03 5.5571e+03
5.5016e+03 5.5389e+03
5.4965e+03 5.5208e+03
5.4869e+03 5.5028e+03
5.4608e+03 5.4848e+03
5.4232e+03 5.4669e+03
5.4013e+03 5.4490e+03
5.4015e+03 5.4312e+03
5.4001e+03 5.4135e+03
5.3830e+03 5.3958e+03
5.3551e+03 5.3781e+03
5.3360e+03 5.3605e+03
5.3291e+03 5.3430e+03
5.3171e+03 5.3256e+03
5.2931e+03 5.3081e+03
5.2660e+03 5.2908e+03
5.2458e+03 5.2735e+03
5.2345e+03 5.2563e+03
5.2231e+03 5.2391e+03
5.2061e+03 5.2219e+03
5.1870e+03 5.2049e+03
5.1707e+03 5.1878e+03
5.1549e+03 5.1709e+03
5.1281e+03 5.1540e+03
5.0748e+03 5.1371e+03
4.9991e+03 5.1203e+03
4.9729e+03 5.1035e+03
5.0065e+03 5.0869e+03
5.0303e+03 5.0702e+03
5.0238e+03 5.0536e+03
5.0045e+03 5.0371e+03
4.9723e+03 5.0206e+03
4.9520e+03 5.0042e+03
4.9586e+03 4.9878e+03
4.9555e+03 4.9715e+03
4.9373e+03 4.9552e+03
4.9238e+03 4.9390e+03
4.9146e+03 4.9228e+03
4.9001e+03 4.9067e+03
4.8821e+03 4.8906e+03
4.8633e+03 4.8746e+03
4.8469e+03 4.8587e+03
4.8294e+03 4.8428e+03
4.8091e+03 4.8269e+03
4.7896e+03 4.8111e+03
4.7641e+03 4.7954e+03
4.7384e+03 4.7797e+03
4.7288e+03 4.7640e+03
4.7251e+03 4.7484e+03
4.7153e+03 4.7329e+03
4.7007e+03 4.7174e+03
4.6841e+03 4.7019e+03
4.6732e+03 4.6865e+03
4.6604e+03 4.6712e+03
4.6438e+03 4.6559e+03
4.6282e+03 4.6406e+03
4.6093e+03 4.6254e+03
4.5858e+03 4.6102e+03
4.5704e+03 4.5951e+03
4.5626e+03 4.5801e+03
4.5473e+03 4.5651e+03
4.5297e+03 4.5501e+03
4.5146e+03 4.5352e+03
4.4950e+03 4.5203e+03
4.4760e+03 4.5055e+03
4.4618e+03 4.4908e+03
4.4443e+03 4.4760e+03
4.4226e+03 4.4614e+03
4.4092e+03 4.4467e+03
4.4065e+03 4.4322e+03
4.3989e+03 4.4176e+03
4.3832e+03 4.4032e+03
4.3634e+03 4.3887e+03
4.3497e+03 4.3743e+03
4.3441e+03 4.3600e+03
4.3332e+03 4.3457e+03
4.3180e+03 4.3314e+03
4.3044e+03 4.3172e+03
4.2913e+03 4.3031e+03
4.2756e+03 4.2890e+03
4.2625e+03 4.2749e+03
4.2529e+03 4.2609e+03
4.2371e+03 4.2469e+03
4.2157e+03 4.2330e+03
4.1986e+03 4.2191e+03
4.1855e+03 4.2053e+03
4.1746e+03 4.1915e+03
4.1642e+03 4.1777e+03
4.1469e+03 4.1640e+03
4.1278e+03 4.1503e+03
4.1169e+03 4.1367e+03
4.1096e+03 4.1231e+03
4.1001e+03 4.1096e+03
4.0889e+03 4.0961e+03
4.0748e+03 4.0827e+03
4.0622e+03 4.0693e+03
4.0504e+03 4.0559e+03
4.0368e+03 4.0426e+03
4.0242e+03 4.0294e+03
4.0115e+03 4.0161e+03
3.9969e+03 4.0029e+03
3.9814e+03 3.9898e+03
3.9636e+03 3.9767e+03
3.9464e+03 3.9637e+03
3.9250e+03 3.9506e+03
3.8934e+03 3.9377e+03
3.8743e+03 3.9247e+03
3.8768e+03 3.9118e+03
3.8800e+03 3.8990e+03
3.8751e+03 3.8862e+03
3.8609e+03 3.8734e+03
3.8356e+03 3.8607e+03
3.8147e+03 3.8480e+03
3.8084e+03 3.8354e+03
3.8007e+03 3.8228e+03
3.7877e+03 3.8102e+03
3.7785e+03 3.7977e+03
3.7670e+03 3.7852e+03
3.7452e+03 3.7728e+03
3.7292e+03 3.7604e+03
3.7281e+03 3.7481e+03
3.7258e+03 3.7357e+03
3.7059e+03 3.7235e+03
3.6596e+03 3.7112e+03
3.6244e+03 3.6990e+03
3.6377e+03 3.6869e+03
3.6452e+03 3.6748e+03
3.6279e+03 3.6627e+03
3.6121e+03 3.6506e+03
3.6002e+03 3.6386e+03
3.5979e+03 3.6267e+03
3.5985e+03 3.6148e+03
3.5917e+03 3.6029e+03
3.5820e+03 3.5910e+03
3.5686e+03 3.5792e+03
3.5513e+03 3.5675e+03
3.5434e+03 3.5557e+03
3.5417e+03 3.5440e+03
3.5238e+03 3.5324e+03
3.5034e+03 3.5208e+03
3.4982e+03 3.5092e+03
3.4936e+03 3.4976e+03
3.4835e+03 3.4861e+03
3.4704e+03 3.4747e+03
3.4563e+03 3.4632e+03
3.4437e+03 3.4518e+03
3.4327e+03 3.4405e+03
3.4223e+03 3.4292e+03
3.4099e+03 3.4179e+03
3.3961e+03 3.4066e+03
3.3854e+03 3.3954e+03
3.3781e+03 3.3843e+03
3.3697e+03 3.3731e+03
3.3589e+03 3.3620e+03
3.3474e+03 3.3510e+03
3.3363e+03 3.3399e+03
3.3255e+03 3.3289e+03
3.3149e+03 3.3180e+03
3.3021e+03 3.3071e+03
3.2876e+03 3.2962e+03
3.2763e+03 3.2853e+03
3.2678e+03 3.2745e+03
3.2587e+03 3.2637e+03
3.2491e+03 3.2530e+03
3.2387e+03 3.2423e+03
3.2252e+03 3.2316e+03
3.2097e+03 3.2210e+03
3.1983e+03 3.2104e+03
3.1909e+03 3.1998e+03
3.1829e+03 3.1893e+03
3.1716e+03 3.1788e+03
3.1573e+03 3.1683e+03
3.1423e+03 3.1579e+03
3.1240e+03 3.1475e+03
3.0803e+03 3.1371e+03
3.0033e+03 3.1268e+03
2.9679e+03 3.1165e+03
3.0002e+03 3.1062e+03
3.0310e+03 3.0960e+03
3.0378e+03 3.0858e+03
3.0221e+03 3.0756e+03
2.9941e+03 3.0655e+03
2.9627e+03 3.0554e+03
2.9449e+03 3.0453e+03
2.9387e+03 3.0353e+03
2.9367e+03 3.0253e+03
2.9454e+03 3.0153e+03
2.9471e+03 3.0053e+03
2.9221e+03 2.9954e+03
2.9002e+03 2.9856e+03
2.9182e+03 2.9757e+03
2.9405e+03 2.9659e+03
2.9421e+03 2.9561e+03
2.9331e+03 2.9464e+03
2.9228e+03 2.9367e+03
2.9133e+03 2.9270e+03
2.9056e+03 2.9174e+03
2.9000e+03 2.9077e+03
2.8918e+03 2.8982e+03
2.8785e+03 2.8886e+03
2.8597e+03 2.8791e+03
2.8447e+03 2.8696e+03
2.8424e+03 2.8601e+03
2.8405e+03 2.8507e+03
2.8331e+03 2.8413e+03
2.8178e+03 2.8319e+03
2.7980e+03 2.8226e+03
2.7847e+03 2.8133e+03
2.7751e+03 2.8040e+03
2.7636e+03 2.7947e+03
2.7501e+03 2.7855e+03
2.7403e+03 2.7763e+03
2.7387e+03 2.7672e+03
2.7362e+03 2.7580e+03
2.7279e+03 2.7489e+03
2.7201e+03 2.7399e+03
2.7186e+03 2.7308e+03
2.7142e+03 2.7218e+03
2.7011e+03 2.7128e+03
2.6843e+03 2.7039e+03
2.6730e+03 2.6950e+03
2.6691e+03 2.6861e+03
2.6680e+03 2.6772e+03
2.6639e+03 2.6684e+03
2.6548e+03 2.6596e+03
2.6447e+03 2.6508e+03
2.6316e+03 2.6420e+03
2.6074e+03 2.6333e+03
2.5885e+03 2.6246e+03
2.5835e+03 2.6160e+03
2.5749e+03 2.6073e+03
2.5697e+03 2.5987e+03
2.5653e+03 2.5901e+03
2.5599e+03 2.5816e+03
2.5550e+03 2.5731e+03
2.5498e+03 2.5646e+03
2.5456e+03 2.5561e+03
2.5411e+03 2.5476e+03
2.5328e+03 2.5392e+03
2.5213e+03 2.5308e+03
2.5094e+03 2.5225e+03
2.5010e+03 2.5142e+03
2.4966e+03 2.5059e+03
2.4925e+03 2.4976e+03
2.4859e+03 2.4893e+03
2.4763e+03 2.4811e+03
2.4635e+03 2.4729e+03
2.4520e+03 2.4647e+03
2.4462e+03 2.4566e+03
2.4422e+03 2.4485e+03
2.4365e+03 2.4404e+03
2.4291e+03 2.4323e+03
2.4186e+03 2.4243e+03
2.4056e+03 2.4163e+03
2.3950e+03 2.4083e+03
2.3874e+03 2.4003e+03
2.3798e+03 2.3924e+03
2.3715e+03 2.3845e+03
2.3659e+03 2.3766e+03
2.3625e+03 2.3688e+03
2.3568e+03 2.3609e+03
2.3490e+03 2.3531e+03
2.3410e+03 2.3453e+03
2.3329e+03 2.3376e+03
2.3252e+03 2.3299e+03
2.3168e+03 2.3222e+03
2.3055e+03 2.3145e+03
2.2926e+03 2.3068e+03
2.2841e+03 2.2992e+03
2.2750e+03 2.2916e+03
2.2658e+03 2.2840e+03
2.2488e+03 2.2765e+03
2.2203e+03 2.2689e+03
2.2047e+03 2.2614e+03
2.2123e+03 2.2540e+03
2.2288e+03 2.2465e+03
2.2337e+03 2.2391e+03
2.2288e+03 2.2317e+03
2.2221e+03 2.2243e+03
2.2153e+03 2.2169e+03
2.2079e+03 2.2096e+03
2.2003e+03 2.2023e+03
2.1929e+03 2.1950e+03
2.1848e+03 2.1878e+03
2.1755e+03 2.1805e+03
2.1681e+03 2.1733e+03
2.1627e+03 2.1661e+03
2.1566e+03 2.1590e+03
2.1497e+03 2.1518e+03
2.1426e+03 2.1447e+03
2.1349e+03 2.1376e+03
2.1268e+03 2.1305e+03
2.1202e+03 2.1235e+03
2.1148e+03 2.1165e+03
2.1080e+03 2.1095e+03
2.0974e+03 2.1025e+03
2.0693e+03 2.0955e+03
1.9902e+03 2.0886e+03
1.8944e+03 2.0817e+03
1.8670e+03 2.0748e+03
1.8835e+03 2.0679e+03
1.8949e+03 2.0611e+03
1.8980e+03 2.0543e+03
1.8992e+03 2.0475e+03
1.8980e+03 2.0407e+03
1.8946e+03 2.0339e+03
1.8905e+03 2.0272e+03
1.8844e+03 2.0205e+03
1.8789e+03 2.0138e+03
1.8745e+03 2.0071e+03
1.8667e+03 2.0005e+03
1.8449e+03 1.9938e+03
1.7917e+03 1.9872e+03
1.7348e+03 1.9807e+03
1.7223e+03 1.9741e+03
1.7315e+03 1.9676e+03
1.7320e+03 1.9611e+03
1.7272e+03 1.9546e+03
1.7259e+03 1.9481e+03
1.7265e+03 1.9416e+03
1.7231e+03 1.9352e+03
1.7162e+03 1.9288e+03
1.7108e+03 1.9224e+03
1.7049e+03 1.9160e+03
1.6983e+03 1.9097e+03
1.6926e+03 1.9034e+03
1.6813e+03 1.8971e+03
1.6467e+03 1.8908e+03
1.6075e+03 1.8846e+03
1.5946e+03 1.8783e+03
1.5934e+03 1.8721e+03
1.5965e+03 1.8659e+03
1.6034e+03 1.8597e+03
1.6019e+03 1.8536e+03
1.5915e+03 1.8474e+03
1.5852e+03 1.8413e+03
1.5862e+03 1.8352e+03
1.5875e+03 1.8291e+03
1.5811e+03 1.8231e+03
1.5688e+03 1.8170e+03
1.5632e+03 1.8110e+03
1.5636e+03 1.8050e+03
1.5498e+03 1.7990e+03
1.5247e+03 1.7930e+03
1.5092e+03 1.7871e+03
1.5026e+03 1.7812e+03
1.5028e+03 1.7753e+03
1.5093e+03 1.7694e+03
1.5143e+03 1.7635e+03
1.5055e+03 1.7577e+03
1.4941e+03 1.7518e+03
1.4981e+03 1.7460e+03
1.5024e+03 1.7402e+03
1.4877e+03 1.7345e+03
1.4723e+03 1.7287e+03
1.4660e+03 1.7230e+03
1.4625e+03 1.7173e+03
1.4530e+03 1.7116e+03
1.4388e+03 1.7059e+03
1.4326e+03 1.7002e+03
1.4323e+03 1.6946e+03
1.4346e+03 1.6890e+03
1.4342e+03 1.6834e+03
1.4266e+03 1.6778e+03
1.4220e+03 1.6722e+03
1.4238e+03 1.6667e+03
1.4293e+03 1.6611e+03
1.4270e+03 1.6556e+03
1.4147e+03 1.6501e+03
1.4031e+03 1.6447e+03
1.4037e+03 1.6392e+03
1.4042e+03 1.6338e+03
1.3918e+03 1.6283e+03
1.3742e+03 1.6229e+03
1.3651e+03 1.6175e+03
1.3678e+03 1.6122e+03
1.3689e+03 1.6068e+03
1.3698e+03 1.6015e+03
1.3724e+03 1.5962e+03
1.3715e+03 1.5909e+03
1.3626e+03 1.5856e+03
1.3519e+03 1.5803e+03
1.3483e+03 1.5751e+03
1.3507e+03 1.5698e+03
1.3544e+03 1.5646e+03
1.3544e+03 1.5594e+03
1.3472e+03 1.5543e+03
1.3364e+03 1.5491e+03
1.3278e+03 1.5439e+03
1.3231e+03 1.5388e+03
1.3250e+03 1.5337e+03
1.3313e+03 1.5286e+03
1.3335e+03 1.5235e+03
1.3315e+03 1.5185e+03
1.3294e+03 1.5134e+03
1.3294e+03 1.5084e+03
1.3224e+03 1.5034e+03
1.3136e+03 1.4984e+03
1.3117e+03 1.4934e+03
1.3126e+03 1.4885e+03
1.3061e+03 1.4835e+03
1.2995e+03 1.4786e+03
1.2923e+03 1.4737e+03
1.2904e+03 1.4688e+03
1.2882e+03 1.4639e+03
1.2831e+03 1.4590e+03
1.2797e+03 1.4542e+03
1.2827e+03 1.4493e+03
1.2900e+03 1.4445e+03
1.2874e+03 1.4397e+03
1.2752e+03 1.4349e+03
1.2629e+03 1.4302e+03
1.2588e+03 1.4254e+03
1.2594e+03 1.4207e+03
1.2571e+03 1.4160e+03
1.2496e+03 1.4113e+03
1.2470e+03 1.4066e+03
1.2469e+03 1.4019e+03
1.2378e+03 1.3972e+03
1.2314e+03 1.3926e+03
1.2279e+03 1.3879e+03
1.2234e+03 1.3833e+03
1.2205e+03 1.3787e+03
1.2203e+03 1.3742e+03
1.2213e+03 1.3696e+03
1.2146e+03 1.3650e+03
1.2124e+03 1.3605e+03
1.2039e+03 1.3560e+03
1.1979e+03 1.3515e+03
1.1982e+03 1.3470e+03
1.1987e+03 1.3425e+03
1.2037e+03 1.3380e+03
1.1999e+03 1.3336e+03
1.1980e+03 1.3291e+03
1.1961e+03 1.3247e+03
1.1922e+03 1.3203e+03
1.1910e+03 1.3159e+03
1.1817e+03 1.3115e+03
1.1778e+03 1.3072e+03
1.1752e+03 1.3028e+03
1.1730e+03 1.2985e+03
1.1745e+03 1.2942e+03
1.1636e+03 1.2899e+03
1.1589e+03 1.2856e+03
1.1463e+03 1.2813e+03
1.1382e+03 1.2770e+03
1.1397e+03 1.2728e+03
1.1319e+03 1.2685e+03
1.1358e+03 1.2643e+03
1.1392e+03 1.2601e+03
1.1355e+03 1.2559e+03
1.1351e+03 1.2517e+03
1.1269e+03 1.2476e+03
1.1199e+03 1.2434e+03
1.1110e+03 1.2393e+03
1.1060e+03 1.2352e+03
1.1078e+03 1.2311e+03
1.1018e+03 1.2270e+03
1.0987e+03 1.2229e+03
1.0961e+03 1.2188e+03
1.0946e+03 1.2147e+03
1.0875e+03 1.2107e+03
1.0826e+03 1.2067e+03
1.0802e+03 1.2027e+03
1.0716e+03 1.1986e+03
1.0755e+03 1.1947e+03
1.0757e+03 1.1907e+03
1.0699e+03 1.1867e+03
1.0746e+03 1.1828e+03
1.0689e+03 1.1788e+03
1.0628e+03 1.1749e+03
1.0566e+03 1.1710e+03
1.0456e+03 1.1671e+03
1.0481e+03 1.1632e+03
1.0420e+03 1.1593e+03
1.0348e+03 1.1555e+03
1.0333e+03 1.1516e+03
1.0274e+03 1.1478e+03
1.0247e+03 1.1440e+03
1.0251e+03 1.1402e+03
1.0229e+03 1.1364e+03
1.0178e+03 1.1326e+03
1.0202e+03 1.1288e+03
1.0203e+03 1.1250e+03
1.0182e+03 1.1213e+03
1.0243e+03 1.1176e+03
1.0162e+03 1.1138e+03
1.0088e+03 1.1101e+03
1.0141e+03 1.1064e+03
1.0063e+03 1.1027e+03
1.0021e+03 1.0991e+03
9.9907e+02 1.0954e+03
9.8375e+02 1.0917e+03
9.8335e+02 1.0881e+03
9.8661e+02 1.0845e+03
9.7661e+02 1.0809e+03
9.7071e+02 1.0773e+03
9.7077e+02 1.0737e+03
9.6417e+02 1.0701e+03
9.6438e+02 1.0665e+03
9.7089e+02 1.0630e+03
9.6194e+02 1.0594e+03
9.6131e+02 1.0559e+03
9.7062e+02 1.0524e+03
9.6100e+02 1.0489e+03
9.5843e+02 1.0454e+03
9.6093e+02 1.0419e+03
9.4363e+02 1.0384e+03
9.4231e+02 1.0350e+03
9.4801e+02 1.0315e+03
9.3523e+02 1.0281e+03
9.3329e+02 1.0246e+03
9.3972e+02 1.0212e+03
9.3342e+02 1.0178e+03
9.3034e+02 1.0144e+03
9.3204e+02 1.0111e+03
9.2073e+02 1.0077e+03
9.1668e+02 1.0043e+03
9.2613e+02 1.0010e+03
9.1768e+02 9.9763e+02
9.1045e+02 9.9431e+02
9.1822e+02 9.9099e+02
9.1105e+02 9.8769e+02
9.0485e+02 9.8439e+02
9.0641e+02 9.8111e+02
8.9333e+02 9.7784e+02
8.8643e+02 9.7458e+02
8.9085e+02 9.7133e+02
8.8734e+02 9.6809e+02
8.8364e+02 9.6486e+02
8.8709e+02 9.6164e+02
8.8440e+02 9.5843e+02
8.7758e+02 9.5523e+02
8.7820e+02 9.5205e+02
8.7348e+02 9.4887e+02
8.6748e+02 9.4570e+02
8.7217e+02 9.4255e+02
8.6909e+02 9.3940e+02
8.6429e+02 9.3627e+02
8.6800e+02 9.3315e+02
8.6071e+02 9.3003e+02
8.5315e+02 9.2693e+02
8.5637e+02 9.2384e+02
8.4982e+02 9.2075e+02
8.4218e+02 9.1768e+02
8.4733e+02 9.1462e+02
8.4788e+02 9.1157e+02
8.4082e+02 9.0853e+02
8.4160e+02 9.0549e+02
8.4171e+02 9.0247e+02
8.3341e+02 8.9946e+02
8.3300e+02 8.9646e+02
8.3361e+02 8.9346e+02
8.2539e+02 8.9048e+02
8.2514e+02 8.8751e+02
8.2716e+02 8.8455e+02
8.2126e+02 8.8159e+02
8.2132e+02 8.7865e+02
8.2021e+02 8.7572e+02
8.1096e+02 8.7280e+02
8.0856e+02 8.6988e+02
8.0986e+02 8.6698e+02
8.0739e+02 8.6408e+02
8.0598e+02 8.6120e+02
8.0398e+02 8.5832e+02
7.9769e+02 8.5546e+02
7.9609e+02 8.5260e+02
7.9714e+02 8.4975e+02
7.8880e+02 8.4692e+02
7.8505e+02 8.4409e+02
7.9134e+02 8.4127e+02
7.8815e+02 8.3846e+02
7.8256e+02 8.3566e+02
7.8629e+02 8.3287e+02
7.8184e+02 8.3009e+02
7.7080e+02 8.2731e+02
7.7014e+02 8.2455e+02
7.7036e+02 8.2180e+02
7.6470e+02 8.1905e+02
7.6276e+02 8.1632e+02
7.6449e+02 8.1359e+02
7.6377e+02 8.1087e+02
7.6124e+02 8.0816e+02
7.5771e+02 8.0546e+02
7.5528e+02 8.0277e+02
7.5619e+02 8.0009e+02
7.5323e+02 7.9742e+02
7.4624e+02 7.9475e+02
7.4805e+02 7.9210e+02
7.5125e+02 7.8945e+02
7.4391e+02 7.8681e+02
7.4126e+02 7.8419e+02
7.4551e+02 7.8156e+02
7.3949e+02 7.7895e+02
7.2980e+02 7.7635e+02
7.3133e+02 7.7376e+02
7.3413e+02 7.7117e+02
7.2843e+02 7.6859e+02
7.2403e+02 7.6602e+02
7.2607e+02 7.6346e+02
7.2617e+02 7.6091e+02
7.2247e+02 7.5837e+02
7.1772e+02 7.5584e+02
7.1557e+02 7.5331e+02
7.1727e+02 7.5079e+02
7.1479e+02 7.4828e+02
7.0893e+02 7.4578e+02
7.1099e+02 7.4329e+02
7.1296e+02 7.4081e+02
7.0371e+02 7.3833e+02
6.9791e+02 7.3586e+02
7.0232e+02 7.3340e+02
7.0059e+02 7.3095e+02
6.9162e+02 7.2851e+02
6.9100e+02 7.2607e+02
6.9571e+02 7.2364e+02
6.9323e+02 7.2122e+02
6.8674e+02 7.1881e+02
6.8559e+02 7.1641e+02
6.8710e+02 7.1401e+02
6.8447e+02 7.1163e+02
6.7818e+02 7.0925e+02
6.7590e+02 7.0687e+02
6.7897e+02 7.0451e+02
6.7800e+02 7.0215e+02
6.7037e+02 6.9981e+02
6.6990e+02 6.9747e+02
6.7485e+02 6.9513e+02
6.7063e+02 6.9281e+02
6.6090e+02 6.9049e+02
6.6164e+02 6.8818e+02
6.6608e+02 6.8588e+02
6.6097e+02 6.8359e+02
6.5320e+02 6.8130e+02
6.5486e+02 6.7902e+02
6.5818e+02 6.7675e+02
6.5376e+02 6.7448e+02
6.4682e+02 6.7223e+02
6.4644e+02 6.6998e+02
6.4925e+02 6.6775e+02
6.4651e+02 6.6552e+02
6.3910e+02 6.6329e+02
6.3873e+02 6.6107e+02
6.4322e+02 6.5886e+02
6.3997e+02 6.5666e+02
6.3179e+02 6.5446e+02
6.3209e+02 6.5227e+02
6.3577e+02 6.5009e+02
6.3066e+02 6.4791e+02
6.2233e+02 6.4574e+02
6.2335e+02 6.4358e+02
6.2737e+02 6.4143e+02
6.2399e+02 6.3928e+02
6.1754e+02 6.3714e+02
6.1688e+02 6.3501e+02
6.1897e+02 6.3288e+02
6.1603e+02 6.3077e+02
6.0936e+02 6.2865e+02
6.0782e+02 6.2655e+02
6.1071e+02 6.2445e+02
6.0908e+02 6.2236e+02
6.0223e+02 6.2028e+02
6.0032e+02 6.1820e+02
6.0320e+02 6.1613e+02
6.0109e+02 6.1407e+02
5.9406e+02 6.1201e+02
5.9246e+02 6.0997e+02
5.9517e+02 6.0792e+02
5.9395e+02 6.0589e+02
5.8848e+02 6.0386e+02
5.8629e+02 6.0184e+02
5.8756e+02 5.9982e+02
5.8676e+02 5.9781e+02
5.8278e+02 5.9581e+02
5.8002e+02 5.9382e+02
5.8006e+02 5.9183e+02
5.7919e+02 5.8985e+02
5.7538e+02 5.8787e+02
5.7249e+02 5.8590e+02
5.7329e+02 5.8394e+02
5.7317e+02 5.8198e+02
5.6944e+02 5.8004e+02
5.6662e+02 5.7809e+02
5.6702e+02 5.7616e+02
5.6604e+02 5.7423e+02
5.6171e+02 5.7230e+02
5.5877e+02 5.7039e+02
5.5914e+02 5.6848e+02
5.5851e+02 5.6657e+02
5.5509e+02 5.6467e+02
5.5232e+02 5.6278e+02
5.5216e+02 5.6090e+02
5.5161e+02 5.5902e+02
5.4866e+02 5.5715e+02
5.4530e+02 5.5528e+02
5.4478e+02 5.5342e+02
5.4471e+02 5.5156e+02
5.4203e+02 5.4972e+02
5.3822e+02 5.4787e+02
5.3747e+02 5.4604e+02
5.3787e+02 5.4421e+02
5.3540e+02 5.4239e+02
5.3068e+02 5.4057e+02
5.2845e+02 5.3876e+02
5.2862e+02 5.3695e+02
5.2694e+02 5.3515e+02
5.2435e+02 5.3336e+02
5.2342e+02 5.3157e+02
5.2363e+02 5.2979e+02
5.2219e+02 5.2801e+02
5.1864e+02 5.2624e+02
5.1671e+02 5.2448e+02
5.1672e+02 5.2272e+02
5.1618e+02 5.2097e+02
5.1381e+02 5.1922e+02
5.1120e+02 5.1748e+02
5.1028e+02 5.1575e+02
5.0956e+02 5.1402e+02
5.0751e+02 5.1229e+02
5.0491e+02 5.1058e+02
5.0393e+02 5.0887e+02
5.0312e+02 5.0716e+02
5.0094e+02 5.0546e+02
4.9850e+02 5.0376e+02
4.9731e+02 5.0208e+02
4.9653e+02 5.0039e+02
4.9436e+02 4.9871e+02
4.9121e+02 4.9704e+02
4.8941e+02 4.9538e+02
4.8922e+02 4.9371e+02
4.8786e+02 4.9206e+02
4.8426e+02 4.9041e+02
4.8205e+02 4.8876e+02
4.8216e+02 4.8712e+02
4.8120e+02 4.8549e+02
4.7887e+02 4.8386e+02
4.7719e+02 4.8224e+02
4.7613e+02 4.8062e+02
4.7475e+02 4.7901e+02
4.7349e+02 4.7740e+02
4.7188e+02 4.7580e+02
4.7066e+02 4.7421e+02
4.6971e+02 4.7262e+02
4.6800e+02 4.7103e+02
4.6605e+02 4.6945e+02
4.6449e+02 4.6788e+02
4.6357e+02 4.6631e+02
4.6238e+02 4.6474e+02
4.6050e+02 4.6318e+02
4.5890e+02 4.6163e+02
4.5763e+02 4.6008e+02
4.5638e+02 4.5854e+02
4.5433e+02 4.5700e+02
4.5167e+02 4.5546e+02
4.5030e+02 4.5394e+02
4.4982e+02 4.5241e+02
4.4869e+02 4.5090e+02
4.4670e+02 4.4938e+02
4.4524e+02 4.4787e+02
4.4435e+02 4.4637e+02
4.4293e+02 4.4487e+02
4.4129e+02 4.4338e+02
4.3984e+02 4.4189e+02
4.3875e+02 4.4041e+02
4.3739e+02 4.3893e+02
4.3562e+02 4.3746e+02
4.3411e+02 4.3599e+02
4.3281e+02 4.3453e+02
4.3148e+02 4.3307e+02
4.2984e+02 4.3162e+02
4.2823e+02 4.3017e+02
4.2702e+02 4.2872e+02
4.2569e+02 4.2728e+02
4.2407e+02 4.2585e+02
4.2208e+02 4.2442e+02
4.1984e+02 4.2300e+02
4.1798e+02 4.2158e+02
4.1754e+02 4.2016e+02
4.1717e+02 4.1875e+02
4.1594e+02 4.1734e+02
4.1467e+02 4.1594e+02
4.1346e+02 4.1455e+02
4.1202e+02 4.1316e+02
4.1055e+02 4.1177e+02
4.0919e+02 4.1039e+02
4.0799e+02 4.0901e+02
4.0668e+02 4.0763e+02
4.0517e+02 4.0627e+02
4.0381e+02 4.0490e+02
4.0257e+02 4.0354e+02
4.0133e+02 4.0219e+02
3.9994e+02 4.0084e+02
3.9847e+02 3.9949e+02
3.9723e+02 3.9815e+02
3.9602e+02 3.9681e+02
3.9474e+02 3.9548e+02
3.9329e+02 3.9415e+02
3.9189e+02 3.9283e+02
3.9073e+02 3.9151e+02
3.8947e+02 3.9019e+02
3.8803e+02 3.8888e+02
3.8659e+02 3.8758e+02
3.8530e+02 3.8627e+02
3.8413e+02 3.8498e+02
3.8291e+02 3.8368e+02
3.8168e+02 3.8240e+02
3.8044e+02 3.8111e+02
3.7920e+02 3.7983e+02
3.7795e+02 3.7855e+02
3.7663e+02 3.7728e+02
3.7539e+02 3.7602e+02
3.7421e+02 3.7475e+02
3.7295e+02 3.7349e+02
3.7161e+02 3.7224e+02
3.7024e+02 3.7099e+02
3.6907e+02 3.6974e+02
3.6794e+02 3.6850e+02
3.6666e+02 3.6726e+02
3.6519e+02 3.6603e+02
3.6352e+02 3.6480e+02
3.6223e+02 3.6357e+02
3.6143e+02 3.6235e+02
3.6014e+02 3.6113e+02
3.5842e+02 3.5992e+02
3.5732e+02 3.5871e+02
3.5667e+02 3.5750e+02
3.5579e+02 3.5630e+02
3.5464e+02 3.5510e+02
3.5345e+02 3.5391e+02
3.5230e+02 3.5272e+02
3.5116e+02 3.5154e+02
3.4987e+02 3.5036e+02
3.4825e+02 3.4918e+02
3.4684e+02 3.4800e+02
3.4606e+02 3.4683e+02
3.4523e+02 3.4567e+02
3.4413e+02 3.4451e+02
3.4292e+02 3.4335e+02
3.4180e+02 3.4219e+02
3.4073e+02 3.4104e+02
3.3960e+02 3.3990e+02
3.3844e+02 3.3876e+02
3.3728e+02 3.3762e+02
3.3606e+02 3.3648e+02
3.3487e+02 3.3535e+02
3.3383e+02 3.3422e+02
3.3280e+02 3.3310e+02
3.3172e+02 3.3198e+02
3.3064e+02 3.3086e+02
3.2956e+02 3.2975e+02
3.2844e+02 3.2864e+02
3.2732e+02 3.2754e+02
3.2619e+02 3.2644e+02
3.2509e+02 3.2534e+02
3.2401e+02 3.2424e+02
3.2289e+02 3.2315e+02
3.2178e+02 3.2207e+02
3.2071e+02 3.2098e+02
3.1965e+02 3.1991e+02
3.1861e+02 3.1883e+02
3.1756e+02 3.1776e+02
3.1651e+02 3.1669e+02
3.1547e+02 3.1562e+02
3.1437e+02 3.1456e+02
3.1317e+02 3.1350e+02
3.1181e+02 3.1245e+02
3.1040e+02 3.1140e+02
3.0897e+02 3.1035e+02
3.0777e+02 3.0931e+02
3.0719e+02 3.0827e+02
3.0678e+02 3.0723e+02
3.0601e+02 3.0620e+02
3.0502e+02 3.0517e+02
3.0399e+02 3.0414e+02
3.0295e+02 3.0312e+02
3.0188e+02 3.0210e+02
3.0078e+02 3.0108e+02
2.9980e+02 3.0007e+02
2.9886e+02 2.9906e+02
2.9788e+02 2.9805e+02
2.9673e+02 2.9705e+02
2.9485e+02 2.9605e+02
2.9206e+02 2.9506e+02
2.9077e+02 2.9406e+02
2.9133e+02 2.9307e+02
2.9095e+02 2.9209e+02
2.8957e+02 2.9110e+02
2.8868e+02 2.9013e+02
2.8845e+02 2.8915e+02
2.8792e+02 2.8818e+02
2.8704e+02 2.8721e+02
2.8600e+02 2.8624e+02
2.8493e+02 2.8528e+02
2.8392e+02 2.8432e+02
2.8286e+02 2.8336e+02
2.8152e+02 2.8241e+02
2.8037e+02 2.8146e+02
2.7973e+02 2.8051e+02
2.7904e+02 2.7956e+02
2.7816e+02 2.7862e+02
2.7730e+02 2.7769e+02
2.7650e+02 2.7675e+02
2.7560e+02 2.7582e+02
2.7466e+02 2.7489e+02
2.7373e+02 2.7397e+02
2.7273e+02 2.7304e+02
2.7177e+02 2.7213e+02
2.7070e+02 2.7121e+02
2.6909e+02 2.7030e+02
2.6752e+02 2.6939e+02
2.6709e+02 2.6848e+02
2.6702e+02 2.6758e+02
2.6640e+02 2.6668e+02
2.6556e+02 2.6578e+02
2.6470e+02 2.6488e+02
2.6382e+02 2.6399e+02
2.6294e+02 2.6310e+02
2.6199e+02 2.6222e+02
2.6097e+02 2.6134e+02
2.5992e+02 2.6046e+02
2.5894e+02 2.5958e+02
2.5805e+02 2.5870e+02
2.5730e+02 2.5783e+02
2.5607e+02 2.5697e+02
2.5330e+02 2.5610e+02
2.5059e+02 2.5524e+02
2.5024e+02 2.5438e+02
2.5045e+02 2.5352e+02
2.5033e+02 2.5267e+02
2.5008e+02 2.5182e+02
2.4980e+02 2.5097e+02
2.4958e+02 2.5012e+02
2.4903e+02 2.4928e+02
2.4815e+02 2.4844e+02
2.4688e+02 2.4761e+02
2.4493e+02 2.4677e+02
2.4335e+02 2.4594e+02
2.4277e+02 2.4511e+02
2.4213e+02 2.4429e+02
2.4152e+02 2.4346e+02
2.4130e+02 2.4264e+02
2.4062e+02 2.4183e+02
2.3967e+02 2.4101e+02
2.3913e+02 2.4020e+02
2.3867e+02 2.3939e+02
2.3814e+02 2.3858e+02
2.3754e+02 2.3778e+02
2.3678e+02 2.3698e+02
2.3599e+02 2.3618e+02
2.3527e+02 2.3539e+02
2.3452e+02 2.3459e+02
2.3371e+02 2.3380e+02
2.3290e+02 2.3301e+02
2.3214e+02 2.3223e+02
2.3138e+02 2.3145e+02
2.3060e+02 2.3067e+02
2.2982e+02 2.2989e+02
2.2904e+02 2.2912e+02
2.2828e+02 2.2834e+02
2.2752e+02 2.2757e+02
2.2675e+02 2.2681e+02
2.2597e+02 2.2604e+02
2.2518e+02 2.2528e+02
2.2440e+02 2.2452e+02
2.2363e+02 2.2377e+02
2.2286e+02 2.2301e+02
2.2212e+02 2.2226e+02
2.2140e+02 2.2151e+02
2.2067e+02 2.2076e+02
2.1992e+02 2.2002e+02
2.1919e+02 2.1928e+02
2.1846e+02 2.1854e+02
2.1773e+02 2.1780e+02
2.1699e+02 2.1707e+02
2.1625e+02 2.1634e+02
2.1552e+02 2.1561e+02
2.1477e+02 2.1488e+02
2.1402e+02 2.1416e+02
2.1329e+02 2.1344e+02
2.1258e+02 2.1272e+02
2.1187e+02 2.1200e+02
2.1117e+02 2.1128e+02
2.1045e+02 2.1057e+02
2.0973e+02 2.0986e+02
2.0900e+02 2.0915e+02
2.0829e+02 2.0845e+02
2.0756e+02 2.0775e+02
2.0683e+02 2.0705e+02
2.0618e+02 2.0635e+02
2.0551e+02 2.0565e+02
2.0483e+02 2.0496e+02
2.0414e+02 2.0427e+02
2.0345e+02 2.0358e+02
2.0276e+02 2.0289e+02
2.0208e+02 2.0221e+02
2.0140e+02 2.0153e+02
2.0070e+02 2.0085e+02
2.0001e+02 2.0017e+02
1.9935e+02 1.9950e+02
1.9868e+02 1.9882e+02
1.9800e+02 1.9815e+02
1.9734e+02 1.9748e+02
1.9667e+02 1.9682e+02
1.9601e+02 1.9616e+02
1.9533e+02 1.9549e+02
1.9467e+02 1.9483e+02
1.9403e+02 1.9418e+02
1.9339e+02 1.9352e+02
1.9273e+02 1.9287e+02
1.9208e+02 1.9222e+02
1.9143e+02 1.9157e+02
1.9079e+02 1.9092e+02
1.9014e+02 1.9028e+02
1.8950e+02 1.8964e+02
1.8886e+02 1.8900e+02
1.8823e+02 1.8836e+02
1.8760e+02 1.8773e+02
1.8697e+02 1.8709e+02
1.8634e+02 1.8646e+02
1.8571e+02 1.8583e+02
1.8507e+02 1.8521e+02
1.8444e+02 1.8458e+02
1.8381e+02 1.8396e+02
1.8317e+02 1.8334e+02
1.8255e+02 1.8272e+02
1.8194e+02 1.8210e+02
1.8135e+02 1.8149e+02
1.8074e+02 1.8088e+02
1.8009e+02 1.8027e+02
1.7943e+02 1.7966e+02
1.7884e+02 1.7905e+02
1.7829e+02 1.7845e+02
1.7772e+02 1.7785e+02
1.7713e+02 1.7725e+02
1.7653e+02 1.7665e+02
1.7592e+02 1.7605e+02
1.7530e+02 1.7546e+02
1.7472e+02 1.7487e+02
1.7416e+02 1.7428e+02
1.7358e+02 1.7369e+02
1.7299e+02 1.7310e+02
1.7241e+02 1.7252e+02
1.7184e+02 1.7194e+02
1.7126e+02 1.7136e+02
1.7067e+02 1.7078e+02
1.7008e+02 1.7020e+02
1.6950e+02 1.6963e+02
1.6894e+02 1.6905e+02
1.6837e+02 1.6848e+02
1.6782e+02 1.6791e+02
1.6726e+02 1.6735e+02
1.6670e+02 1.6678e+02
1.6614e+02 1.6622e+02
1.6557e+02 1.6566e+02
1.6501e+02 1.6510e+02
1.6446e+02 1.6454e+02
1.6391e+02 1.6399e+02
1.6336e+02 1.6343e+02
1.6281e+02 1.6288e+02
1.6226e+02 1.6233e+02
1.6170e+02 1.6178e+02
1.6116e+02 1.6124e+02
1.6062e+02 1.6069e+02
1.6006e+02 1.6015e+02
1.5951e+02 1.5961e+02
1.5896e+02 1.5907e+02
1.5841e+02 1.5853e+02
1.5787e+02 1.5800e+02
1.5732e+02 1.5747e+02
1.5674e+02 1.5693e+02
1.5623e+02 1.5640e+02
1.5576e+02 1.5588e+02
1.5521e+02 1.5535e+02
1.5460e+02 1.5483e+02
1.5407e+02 1.5430e+02
1.5362e+02 1.5378e+02
1.5313e+02 1.5326e+02
1.5264e+02 1.5275e+02
1.5215e+02 1.5223e+02
1.5164e+02 1.5172e+02
1.5113e+02 1.5120e+02
1.5062e+02 1.5069e+02
1.5011e+02 1.5018e+02
1.4954e+02 1.4968e+02
1.4897e+02 1.4917e+02
1.4850e+02 1.4867e+02
1.4807e+02 1.4817e+02
1.4758e+02 1.4766e+02
1.4706e+02 1.4717e+02
1.4653e+02 1.4667e+02
1.4604e+02 1.4617e+02
1.4555e+02 1.4568e+02
1.4505e+02 1.4519e+02
1.4457e+02 1.4470e+02
1.4410e+02 1.4421e+02
1.4358e+02 1.4372e+02
1.4306e+02 1.4324e+02
1.4260e+02 1.4275e+02
1.4217e+02 1.4227e+02
1.4170e+02 1.4179e+02
1.4122e+02 1.4131e+02
1.4076e+02 1.4083e+02
1.4029e+02 1.4036e+02
1.3982e+02 1.3988e+02
1.3934e+02 1.3941e+02
1.3885e+02 1.3894e+02
1.3833e+02 1.3847e+02
1.3787e+02 1.3800e+02
1.3743e+02 1.3754e+02
1.3697e+02 1.3707e+02
1.3650e+02 1.3661e+02
1.3604e+02 1.3615e+02
1.3560e+02 1.3569e+02
1.3516e+02 1.3523e+02
1.3470e+02 1.3477e+02
1.3424e+02 1.3432e+02
1.3379e+02 1.3386e+02
1.3333e+02 1.3341e+02
1.3288e+02 1.3296e+02
1.3244e+02 1.3251e+02
1.3198e+02 1.3206e+02
1.3146e+02 1.3162e+02
1.3092e+02 1.3117e+02
1.3044e+02 1.3073e+02
1.3003e+02 1.3029e+02
1.2969e+02 1.2985e+02
1.2931e+02 1.2941e+02
1.2889e+02 1.2897e+02
1.2846e+02 1.2853e+02
1.2803e+02 1.2810e+02
1.2760e+02 1.2767e+02
1.2716e+02 1.2724e+02
1.2673e+02 1.2681e+02
1.2631e+02 1.2638e+02
1.2589e+02 1.2595e+02
1.2547e+02 1.2552e+02
1.2504e+02 1.2510e+02
1.2460e+02 1.2468e+02
1.2411e+02 1.2426e+02
1.2351e+02 1.2384e+02
1.2297e+02 1.2342e+02
1.2261e+02 1.2300e+02
1.2235e+02 1.2258e+02
1.2206e+02 1.2217e+02
1.2169e+02 1.2176e+02
1.2129e+02 1.2135e+02
1.2088e+02 1.2094e+02
1.2046e+02 1.2053e+02
1.2005e+02 1.2012e+02
1.1965e+02 1.1971e+02
1.1925e+02 1.1931e+02
1.1883e+02 1.1891e+02
1.1839e+02 1.1850e+02
1.1798e+02 1.1810e+02
1.1758e+02 1.1770e+02
1.1719e+02 1.1731e+02
1.1683e+02 1.1691e+02
1.1646e+02 1.1651e+02
1.1606e+02 1.1612e+02
1.1567e+02 1.1573e+02
1.1527e+02 1.1534e+02
1.1489e+02 1.1495e+02
1.1450e+02 1.1456e+02
1.1412e+02 1.1417e+02
1.1373e+02 1.1378e+02
1.1334e+02 1.1340e+02
1.1293e+02 1.1302e+02
1.1247e+02 1.1263e+02
1.1204e+02 1.1225e+02
1.1172e+02 1.1187e+02
1.1142e+02 1.1149e+02
1.1106e+02 1.1112e+02
1.1066e+02 1.1074e+02
1.1025e+02 1.1037e+02
1.0985e+02 1.0999e+02
1.0951e+02 1.0962e+02
1.0917e+02 1.0925e+02
1.0880e+02 1.0888e+02
1.0842e+02 1.0851e+02
1.0804e+02 1.0815e+02
1.0770e+02 1.0778e+02
1.0737e+02 1.0742e+02
1.0700e+02 1.0705e+02
1.0662e+02 1.0669e+02
1.0625e+02 1.0633e+02
1.0591e+02 1.0597e+02
1.0557e+02 1.0561e+02
1.0521e+02 1.0525e+02
1.0485e+02 1.0490e+02
1.0448e+02 1.0454e+02
1.0411e+02 1.0419e+02
1.0377e+02 1.0384e+02
1.0344e+02 1.0349e+02
1.0310e+02 1.0314e+02
1.0275e+02 1.0279e+02
1.0240e+02 1.0244e+02
1.0203e+02 1.0209e+02
1.0166e+02 1.0175e+02
1.0130e+02 1.0140e+02
1.0093e+02 1.0106e+02
1.0058e+02 1.0072e+02
1.0029e+02 1.0038e+02
9.9979e+01 1.0004e+02
9.9630e+01 9.9699e+01
9.9265e+01 9.9362e+01
9.8904e+01 9.9026e+01
9.8581e+01 9.8691e+01
9.8292e+01 9.8357e+01
9.7988e+01 9.8024e+01
9.7663e+01 9.7692e+01
9.7334e+01 9.7362e+01
9.7004e+01 9.7032e+01
9.6675e+01 9.6704e+01
9.6337e+01 9.6377e+01
9.5967e+01 9.6051e+01
9.5584e+01 9.5726e+01
9.5266e+01 9.5402e+01
9.5006e+01 9.5079e+01
9.4718e+01 9.4757e+01
9.4401e+01 9.4436e+01
9.4080e+01 9.4117e+01
9.3759e+01 9.3798e+01
9.3444e+01 9.3481e+01
9.3133e+01 9.3164e+01
9.2821e+01 9.2849e+01
9.2492e+01 9.2535e+01
9.2130e+01 9.2222e+01
9.1785e+01 9.1910e+01
9.1511e+01 9.1598e+01
9.1247e+01 9.1288e+01
9.0950e+01 9.0979e+01
9.0642e+01 9.0671e+01
9.0339e+01 9.0365e+01
9.0033e+01 9.0059e+01
8.9729e+01 8.9754e+01
8.9427e+01 8.9450e+01
8.9125e+01 8.9147e+01
8.8817e+01 8.8845e+01
8.8478e+01 8.8545e+01
8.8108e+01 8.8245e+01
8.7795e+01 8.7946e+01
8.7556e+01 8.7648e+01
8.7304e+01 8.7352e+01
8.7015e+01 8.7056e+01
8.6688e+01 8.6761e+01
8.6292e+01 8.6468e+01
8.5921e+01 8.6175e+01
8.5696e+01 8.5883e+01
8.5473e+01 8.5592e+01
8.5185e+01 8.5302e+01
8.4934e+01 8.5014e+01
8.4684e+01 8.4726e+01
8.4369e+01 8.4439e+01
8.4004e+01 8.4153e+01
8.3696e+01 8.3868e+01
8.3477e+01 8.3584e+01
8.3253e+01 8.3301e+01
8.2992e+01 8.3019e+01
8.2718e+01 8.2738e+01
8.2441e+01 8.2458e+01
8.2162e+01 8.2178e+01
8.1877e+01 8.1900e+01
8.1588e+01 8.1623e+01
8.1309e+01 8.1346e+01
8.1046e+01 8.1071e+01
8.0780e+01 8.0796e+01
8.0504e+01 8.0523e+01
8.0207e+01 8.0250e+01
7.9856e+01 7.9978e+01
7.9512e+01 7.9707e+01
7.9277e+01 7.9437e+01
7.9088e+01 7.9168e+01
7.8855e+01 7.8900e+01
7.8602e+01 7.8633e+01
7.8342e+01 7.8367e+01
7.8078e+01 7.8101e+01
7.7817e+01 7.7837e+01
7.7558e+01 7.7573e+01
7.7297e+01 7.7310e+01
7.7035e+01 7.7049e+01
7.6772e+01 7.6788e+01
7.6501e+01 7.6527e+01
7.6228e+01 7.6268e+01
7.5971e+01 7.6010e+01
7.5697e+01 7.5752e+01
7.5354e+01 7.5496e+01
7.5020e+01 7.5240e+01
7.4813e+01 7.4985e+01
7.4662e+01 7.4731e+01
7.4451e+01 7.4478e+01
7.4194e+01 7.4226e+01
7.3936e+01 7.3974e+01
7.3687e+01 7.3724e+01
7.3433e+01 7.3474e+01
7.3175e+01 7.3225e+01
7.2939e+01 7.2977e+01
7.2710e+01 7.2730e+01
7.2469e+01 7.2483e+01
7.2221e+01 7.2238e+01
7.1971e+01 7.1993e+01
7.1720e+01 7.1749e+01
7.1473e+01 7.1506e+01
7.1225e+01 7.1263e+01
7.0918e+01 7.1022e+01
7.0562e+01 7.0781e+01
7.0291e+01 7.0542e+01
7.0137e+01 7.0302e+01
6.9971e+01 7.0064e+01
6.9766e+01 6.9827e+01
6.9558e+01 6.9590e+01
6.9333e+01 6.9354e+01
6.9094e+01 6.9119e+01
6.8860e+01 6.8885e+01
6.8633e+01 6.8652e+01
6.8404e+01 6.8419e+01
6.8174e+01 6.8187e+01
6.7945e+01 6.7956e+01
6.7714e+01 6.7726e+01
6.7482e+01 6.7496e+01
6.7253e+01 6.7267e+01
6.7021e+01 6.7040e+01
6.6773e+01 6.6812e+01
6.6506e+01 6.6586e+01
6.6209e+01 6.6360e+01
6.5880e+01 6.6135e+01
6.5630e+01 6.5911e+01
6.5513e+01 6.5688e+01
6.5381e+01 6.5465e+01
6.5126e+01 6.5243e+01
6.4865e+01 6.5022e+01
6.4703e+01 6.4802e+01
6.4543e+01 6.4582e+01
6.4329e+01 6.4363e+01
6.4097e+01 6.4145e+01
6.3873e+01 6.3927e+01
6.3666e+01 6.3711e+01
6.3467e+01 6.3495e+01
6.3246e+01 6.3279e+01
6.3002e+01 6.3065e+01
6.2782e+01 6.2851e+01
6.2596e+01 6.2638e+01
6.2403e+01 6.2426e+01
6.2198e+01 6.2214e+01
6.1990e+01 6.2003e+01
6.1749e+01 6.1793e+01
6.1429e+01 6.1583e+01
6.1093e+01 6.1375e+01
6.0888e+01 6.1167e+01
6.0813e+01 6.0959e+01
6.0714e+01 6.0753e+01
6.0536e+01 6.0547e+01
6.0327e+01 6.0341e+01
6.0114e+01 6.0137e+01
5.9910e+01 5.9933e+01
5.9708e+01 5.9730e+01
5.9480e+01 5.9527e+01
5.9235e+01 5.9325e+01
5.9034e+01 5.9124e+01
5.8877e+01 5.8924e+01
5.8708e+01 5.8724e+01
5.8517e+01 5.8525e+01
5.8320e+01 5.8326e+01
5.8121e+01 5.8128e+01
5.7920e+01 5.7931e+01
5.7717e+01 5.7735e+01
5.7520e+01 5.7539e+01
5.7329e+01 5.7344e+01
5.7120e+01 5.7149e+01
5.6840e+01 5.6956e+01
5.6496e+01 5.6762e+01
5.6239e+01 5.6570e+01
5.6143e+01 5.6378e+01
5.6102e+01 5.6187e+01
5.5974e+01 5.5996e+01
5.5779e+01 5.5806e+01
5.5553e+01 5.5617e+01
5.5329e+01 5.5428e+01
5.5147e+01 5.5240e+01
5.4992e+01 5.5053e+01
5.4829e+01 5.4866e+01
5.4654e+01 5.4680e+01
5.4473e+01 5.4495e+01
5.4291e+01 5.4310e+01
5.4110e+01 5.4126e+01
5.3925e+01 5.3942e+01
5.3721e+01 5.3759e+01
5.3518e+01 5.3577e+01
5.3353e+01 5.3395e+01
5.3196e+01 5.3214e+01
5.3024e+01 5.3033e+01
5.2844e+01 5.2853e+01
5.2652e+01 5.2674e+01
5.2437e+01 5.2495e+01
5.2185e+01 5.2317e+01
5.1871e+01 5.2140e+01
5.1599e+01 5.1963e+01
5.1455e+01 5.1787e+01
5.1398e+01 5.1611e+01
5.1321e+01 5.1436e+01
5.1209e+01 5.1261e+01
5.1067e+01 5.1087e+01
5.0894e+01 5.0914e+01
5.0722e+01 5.0741e+01
5.0557e+01 5.0569e+01
5.0385e+01 5.0398e+01
5.0183e+01 5.0227e+01
4.9964e+01 5.0056e+01
4.9805e+01 4.9886e+01
4.9680e+01 4.9717e+01
4.9523e+01 4.9548e+01
4.9351e+01 4.9380e+01
4.9181e+01 4.9213e+01
4.9019e+01 4.9046e+01
4.8859e+01 4.8879e+01
4.8688e+01 4.8713e+01
4.8520e+01 4.8548e+01
4.8352e+01 4.8383e+01
4.8152e+01 4.8219e+01
4.7925e+01 4.8055e+01
4.7696e+01 4.7892e+01
4.7446e+01 4.7730e+01
4.7190e+01 4.7568e+01
4.7000e+01 4.7406e+01
4.6924e+01 4.7246e+01
4.6930e+01 4.7085e+01
4.6885e+01 4.6925e+01
4.6752e+01 4.6766e+01
4.6596e+01 4.6607e+01
4.6437e+01 4.6449e+01
4.6271e+01 4.6292e+01
4.6104e+01 4.6134e+01
4.5953e+01 4.5978e+01
4.5810e+01 4.5822e+01
4.5660e+01 4.5666e+01
4.5504e+01 4.5511e+01
4.5349e+01 4.5357e+01
4.5196e+01 4.5203e+01
4.5042e+01 4.5049e+01
4.4883e+01 4.4896e+01
4.4721e+01 4.4744e+01
4.4564e+01 4.4592e+01
4.4392e+01 4.4440e+01
4.4178e+01 4.4289e+01
4.3928e+01 4.4139e+01
4.3728e+01 4.3989e+01
4.3621e+01 4.3840e+01
4.3553e+01 4.3691e+01
4.3484e+01 4.3543e+01
4.3368e+01 4.3395e+01
4.3161e+01 4.3247e+01
4.2861e+01 4.3100e+01
4.2599e+01 4.2954e+01
4.2479e+01 4.2808e+01
4.2483e+01 4.2663e+01
4.2466e+01 4.2518e+01
4.2362e+01 4.2374e+01
4.2225e+01 4.2230e+01
4.2082e+01 4.2086e+01
4.1940e+01 4.1943e+01
4.1797e+01 4.1801e+01
4.1655e+01 4.1659e+01
4.1514e+01 4.1517e+01
4.1373e+01 4.1376e+01
4.1231e+01 4.1236e+01
4.1090e+01 4.1096e+01
4.0949e+01 4.0956e+01
4.0811e+01 4.0817e+01
4.0670e+01 4.0678e+01
4.0509e+01 4.0540e+01
4.0300e+01 4.0403e+01
4.0093e+01 4.0265e+01
3.9957e+01 4.0129e+01
3.9842e+01 3.9992e+01
3.9737e+01 3.9856e+01
3.9659e+01 3.9721e+01
3.9565e+01 3.9586e+01
3.9443e+01 3.9452e+01
3.9305e+01 3.9318e+01
3.9156e+01 3.9184e+01
3.9006e+01 3.9051e+01
3.8831e+01 3.8918e+01
3.8583e+01 3.8786e+01
3.8331e+01 3.8654e+01
3.8181e+01 3.8523e+01
3.8163e+01 3.8392e+01
3.8169e+01 3.8262e+01
3.8087e+01 3.8132e+01
3.7970e+01 3.8002e+01
3.7851e+01 3.7873e+01
3.7728e+01 3.7744e+01
3.7605e+01 3.7616e+01
3.7480e+01 3.7488e+01
3.7346e+01 3.7361e+01
3.7208e+01 3.7234e+01
3.7079e+01 3.7107e+01
3.6944e+01 3.6981e+01
3.6802e+01 3.6856e+01
3.6673e+01 3.6730e+01
3.6546e+01 3.6606e+01
3.6395e+01 3.6481e+01
3.6234e+01 3.6357e+01
3.6108e+01 3.6234e+01
3.6030e+01 3.6111e+01
3.5961e+01 3.5988e+01
3.5857e+01 3.5866e+01
3.5735e+01 3.5744e+01
3.5607e+01 3.5622e+01
3.5482e+01 3.5501e+01
3.5361e+01 3.5381e+01
3.5231e+01 3.5260e+01
3.5067e+01 3.5141e+01
3.4860e+01 3.5021e+01
3.4722e+01 3.4902e+01
3.4664e+01 3.4783e+01
3.4494e+01 3.4665e+01
3.4231e+01 3.4547e+01
3.4044e+01 3.4430e+01
3.4004e+01 3.4313e+01
3.3992e+01 3.4196e+01
3.3818e+01 3.4080e+01
3.3587e+01 3.3964e+01
3.3499e+01 3.3849e+01
3.3526e+01 3.3734e+01
3.3492e+01 3.3619e+01
3.3371e+01 3.3505e+01
3.3242e+01 3.3391e+01
3.3166e+01 3.3278e+01
3.3114e+01 3.3164e+01
3.3026e+01 3.3052e+01
3.2900e+01 3.2939e+01
3.2746e+01 3.2827e+01
3.2597e+01 3.2716e+01
3.2489e+01 3.2605e+01
3.2424e+01 3.2494e+01
3.2361e+01 3.2383e+01
3.2267e+01 3.2273e+01
3.2158e+01 3.2164e+01
3.2047e+01 3.2054e+01
3.1934e+01 3.1945e+01
3.1813e+01 3.1837e+01
3.1647e+01 3.1728e+01
3.1323e+01 3.1621e+01
3.0690e+01 3.1513e+01
2.9889e+01 3.1406e+01
2.9419e+01 3.1299e+01
2.9544e+01 3.1193e+01
3.0075e+01 3.1087e+01
3.0553e+01 3.0981e+01
3.0755e+01 3.0876e+01
3.0696e+01 3.0771e+01
3.0483e+01 3.0666e+01
3.0264e+01 3.0562e+01
3.0129e+01 3.0458e+01
3.0119e+01 3.0354e+01
3.0163e+01 3.0251e+01
3.0132e+01 3.0148e+01
3.0042e+01 3.0046e+01
2.9941e+01 2.9944e+01
2.9838e+01 2.9842e+01
2.9736e+01 2.9740e+01
2.9635e+01 2.9639e+01
2.9532e+01 2.9538e+01
2.9414e+01 2.9438e+01
2.9270e+01 2.9338e+01
2.9130e+01 2.9238e+01
2.9025e+01 2.9139e+01
2.8965e+01 2.9040e+01
2.8915e+01 2.8941e+01
2.8836e+01 2.8842e+01
2.8740e+01 2.8744e+01
2.8642e+01 2.8647e+01
2.8545e+01 2.8549e+01
2.8448e+01 2.8452e+01
2.8352e+01 2.8355e+01
2.8254e+01 2.8259e+01
2.8157e+01 2.8163e+01
2.8060e+01 2.8067e+01
2.7962e+01 2.7972e+01
2.7864e+01 2.7876e+01
2.7769e+01 2.7782e+01
2.7672e+01 2.7687e+01
2.7567e+01 2.7593e+01
2.7461e+01 2.7499e+01
2.7369e+01 2.7406e+01
2.7291e+01 2.7312e+01
2.7211e+01 2.7219e+01
2.7117e+01 2.7127e+01
2.6989e+01 2.7035e+01
2.6802e+01 2.6943e+01
2.6616e+01 2.6851e+01
2.6492e+01 2.6760e+01
2.6459e+01 2.6669e+01
2.6487e+01 2.6578e+01
2.6468e+01 2.6487e+01
2.6389e+01 2.6397e+01
2.6287e+01 2.6308e+01
2.6184e+01 2.6218e+01
2.6095e+01 2.6129e+01
2.5988e+01 2.6040e+01
2.5861e+01 2.5951e+01
2.5753e+01 2.5863e+01
2.5685e+01 2.5775e+01
2.5645e+01 2.5687e+01
2.5588e+01 2.5600e+01
2.5505e+01 2.5513e+01
2.5412e+01 2.5426e+01
2.5322e+01 2.5340e+01
2.5238e+01 2.5254e+01
2.5157e+01 2.5168e+01
2.5075e+01 2.5082e+01
2.4992e+01 2.4997e+01
2.4908e+01 2.4912e+01
2.4821e+01 2.4827e+01
2.4728e+01 2.4742e+01
2.4630e+01 2.4658e+01
2.4538e+01 2.4574e+01
2.4460e+01 2.4491e+01
2.4392e+01 2.4407e+01
2.4320e+01 2.4324e+01
2.4239e+01 2.4242e+01
2.4157e+01 2.4159e+01
2.4074e+01 2.4077e+01
2.3991e+01 2.3995e+01
2.3908e+01 2.3913e+01
2.3828e+01 2.3832e+01
2.3748e+01 2.3751e+01
2.3667e+01 2.3670e+01
2.3579e+01 2.3589e+01
2.3457e+01 2.3509e+01
2.3290e+01 2.3429e+01
2.3134e+01 2.3349e+01
2.3029e+01 2.3270e+01
2.3007e+01 2.3191e+01
2.3032e+01 2.3112e+01
2.3011e+01 2.3033e+01
2.2930e+01 2.2955e+01
2.2819e+01 2.2877e+01
2.2708e+01 2.2799e+01
2.2619e+01 2.2721e+01
2.2562e+01 2.2644e+01
2.2528e+01 2.2567e+01
2.2481e+01 2.2490e+01
2.2411e+01 2.2413e+01
2.2334e+01 2.2337e+01
2.2258e+01 2.2261e+01
2.2181e+01 2.2185e+01
2.2106e+01 2.2110e+01
2.2029e+01 2.2035e+01
2.1946e+01 2.1960e+01
2.1858e+01 2.1885e+01
2.1775e+01 2.1810e+01
2.1705e+01 2.1736e+01
2.1646e+01 2.1662e+01
2.1583e+01 2.1588e+01
2.1513e+01 2.1515e+01
2.1440e+01 2.1442e+01
2.1366e+01 2.1369e+01
2.1293e+01 2.1296e+01
2.1220e+01 2.1224e+01
2.1147e+01 2.1151e+01
2.1074e+01 2.1079e+01
2.1003e+01 2.1008e+01
2.0933e+01 2.0936e+01
2.0863e+01 2.0865e+01
2.0792e+01 2.0794e+01
2.0720e+01 2.0723e+01
2.0646e+01 2.0652e+01
2.0571e+01 2.0582e+01
2.0498e+01 2.0512e+01
2.0430e+01 2.0442e+01
2.0365e+01 2.0373e+01
2.0286e+01 2.0303e+01
2.0166e+01 2.0234e+01
2.0024e+01 2.0165e+01
1.9901e+01 2.0097e+01
1.9821e+01 2.0028e+01
1.9794e+01 1.9960e+01
1.9771e+01 1.9892e+01
1.9716e+01 1.9824e+01
1.9656e+01 1.9757e+01
1.9610e+01 1.9689e+01
1.9542e+01 1.9622e+01
1.9421e+01 1.9556e+01
1.9271e+01 1.9489e+01
1.9207e+01 1.9423e+01
1.9238e+01 1.9357e+01
1.9239e+01 1.9291e+01
1.9189e+01 1.9225e+01
1.9124e+01 1.9159e+01
1.9067e+01 1.9094e+01
1.9015e+01 1.9029e+01
1.8959e+01 1.8964e+01
1.8897e+01 1.8900e+01
1.8833e+01 1.8836e+01
1.8769e+01 1.8771e+01
1.8706e+01 1.8707e+01
1.8642e+01 1.8644e+01
1.8578e+01 1.8580e+01
1.8515e+01 1.8517e+01
1.8452e+01 1.8454e+01
1.8388e+01 1.8391e+01
1.8322e+01 1.8328e+01
1.8256e+01 1.8266e+01
1.8193e+01 1.8204e+01
1.8134e+01 1.8142e+01
1.8077e+01 1.8080e+01
1.8017e+01 1.8018e+01
1.7955e+01 1.7957e+01
1.7894e+01 1.7896e+01
1.7833e+01 1.7835e+01
1.7773e+01 1.7774e+01
1.7712e+01 1.7714e+01
1.7652e+01 1.7653e+01
1.7592e+01 1.7593e+01
1.7532e+01 1.7533e+01
1.7472e+01 1.7474e+01
1.7412e+01 1.7414e+01
1.7351e+01 1.7355e+01
1.7272e+01 1.7296e+01
1.7153e+01 1.7237e+01
1.7016e+01 1.7178e+01
1.6891e+01 1.7119e+01
1.6817e+01 1.7061e+01
1.6821e+01 1.7003e+01
1.6861e+01 1.6945e+01
1.6863e+01 1.6887e+01
1.6814e+01 1.6830e+01
1.6749e+01 1.6773e+01
1.6686e+01 1.6715e+01
1.6633e+01 1.6658e+01
1.6588e+01 1.6602e+01
1.6541e+01 1.6545e+01
1.6487e+01 1.6489e+01
1.6431e+01 1.6433e+01
1.6375e+01 1.6377e+01
1.6320e+01 1.6321e+01
1.6264e+01 1.6265e+01
1.6207e+01 1.6210e+01
1.6149e+01 1.6155e+01
1.6090e+01 1.6100e+01
1.6032e+01 1.6045e+01
1.5980e+01 1.5990e+01
1.5929e+01 1.5936e+01
1.5877e+01 1.5881e+01
1.5824e+01 1.5827e+01
1.5771e+01 1.5773e+01
1.5718e+01 1.5719e+01
1.5665e+01 1.5666e+01
1.5611e+01 1.5613e+01
1.5558e+01 1.5559e+01
1.5505e+01 1.5506e+01
1.5452e+01 1.5453e+01
1.5399e+01 1.5401e+01
1.5347e+01 1.5348e+01
1.5294e+01 1.5296e+01
1.5241e+01 1.5244e+01
1.5189e+01 1.5192e+01
1.5137e+01 1.5140e+01
1.5086e+01 1.5089e+01
1.5035e+01 1.5037e+01
1.4984e+01 1.4986e+01
1.4933e+01 1.4935e+01
1.4882e+01 1.4884e+01
1.4832e+01 1.4834e+01
1.4782e+01 1.4784e+01
1.4730e+01 1.4735e+01
1.4666e+01 1.4685e+01
1.4593e+01 1.4635e+01
1.4511e+01 1.4586e+01
1.4409e+01 1.4536e+01
1.4330e+01 1.4486e+01
1.4265e+01 1.4437e+01
1.4220e+01 1.4388e+01
1.4218e+01 1.4339e+01
1.4230e+01 1.4290e+01
1.4226e+01 1.4241e+01
1.4190e+01 1.4193e+01
1.4141e+01 1.4144e+01
1.4090e+01 1.4096e+01
1.4040e+01 1.4048e+01
1.3991e+01 1.4000e+01
1.3944e+01 1.3952e+01
1.3899e+01 1.3905e+01
1.3854e+01 1.3857e+01
1.3808e+01 1.3810e+01
1.3761e+01 1.3763e+01
1.3715e+01 1.3716e+01
1.3669e+01 1.3669e+01
1.3622e+01 1.3623e+01
1.3576e+01 1.3576e+01
1.3529e+01 1.3530e+01
1.3482e+01 1.3484e+01
1.3435e+01 1.3438e+01
1.3389e+01 1.3392e+01
1.3343e+01 1.3347e+01
1.3299e+01 1.3301e+01
1.3255e+01 1.3256e+01
1.3209e+01 1.3210e+01
1.3164e+01 1.3165e+01
1.3119e+01 1.3121e+01
1.3075e+01 1.3076e+01
1.3030e+01 1.3031e+01
1.2986e+01 1.2987e+01
1.2941e+01 1.2943e+01
1.2895e+01 1.2898e+01
1.2850e+01 1.2854e+01
1.2807e+01 1.2811e+01
1.2765e+01 1.2767e+01
1.2722e+01 1.2723e+01
1.2679e+01 1.2680e+01
1.2636e+01 1.2637e+01
1.2593e+01 1.2594e+01
1.2550e+01 1.2551e+01
1.2507e+01 1.2508e+01
1.2462e+01 1.2465e+01
1.2410e+01 1.2423e+01
1.2348e+01 1.2380e+01
1.2286e+01 1.2338e+01
1.2228e+01 1.2296e+01
1.2182e+01 1.2254e+01
1.2158e+01 1.2212e+01
1.2137e+01 1.2171e+01
1.2097e+01 1.2129e+01
1.2030e+01 1.2088e+01
1.1970e+01 1.2047e+01
1.1909e+01 1.2006e+01
1.1858e+01 1.1965e+01
1.1839e+01 1.1924e+01
1.1829e+01 1.1883e+01
1.1820e+01 1.1843e+01
1.1793e+01 1.1802e+01
1.1757e+01 1.1762e+01
1.1718e+01 1.1722e+01
1.1678e+01 1.1682e+01
1.1638e+01 1.1642e+01
1.1595e+01 1.1602e+01
1.1552e+01 1.1563e+01
1.1508e+01 1.1523e+01
1.1467e+01 1.1484e+01
1.1434e+01 1.1445e+01
1.1401e+01 1.1406e+01
1.1365e+01 1.1367e+01
1.1327e+01 1.1328e+01
1.1289e+01 1.1290e+01
1.1250e+01 1.1251e+01
1.1212e+01 1.1213e+01
1.1173e+01 1.1174e+01
1.1134e+01 1.1136e+01
1.1095e+01 1.1098e+01
1.1052e+01 1.1061e+01
1.0979e+01 1.1023e+01
1.0829e+01 1.0985e+01
1.0629e+01 1.0948e+01
1.0543e+01 1.0910e+01
1.0636e+01 1.0873e+01
1.0749e+01 1.0836e+01
1.0782e+01 1.0799e+01
1.0760e+01 1.0762e+01
1.0724e+01 1.0726e+01
1.0687e+01 1.0689e+01
1.0651e+01 1.0652e+01
1.0615e+01 1.0616e+01
1.0579e+01 1.0580e+01
1.0543e+01 1.0544e+01
1.0504e+01 1.0508e+01
1.0463e+01 1.0472e+01
1.0422e+01 1.0436e+01
1.0381e+01 1.0401e+01
1.0341e+01 1.0365e+01
1.0302e+01 1.0330e+01
1.0262e+01 1.0295e+01
1.0228e+01 1.0259e+01
1.0187e+01 1.0224e+01
1.0149e+01 1.0190e+01
1.0123e+01 1.0155e+01
1.0099e+01 1.0120e+01
1.0077e+01 1.0086e+01
1.0045e+01 1.0051e+01
9.9992e+00 1.0017e+01
9.9498e+00 9.9827e+00
9.9073e+00 9.9487e+00
9.8604e+00 9.9147e+00
9.8209e+00 9.8809e+00
9.7693e+00 9.8472e+00
9.7236e+00 9.8136e+00
9.7054e+00 9.7801e+00
9.6914e+00 9.7467e+00
9.6882e+00 9.7135e+00
9.6739e+00 9.6803e+00
9.6454e+00 9.6473e+00
9.6130e+00 9.6144e+00
9.5804e+00 9.5816e+00
9.5479e+00 9.5489e+00
9.5154e+00 9.5163e+00
9.4829e+00 9.4838e+00
9.4508e+00 9.4514e+00
9.4188e+00 9.4192e+00
9.3867e+00 9.3870e+00
9.3546e+00 9.3550e+00
9.3226e+00 9.3231e+00
9.2906e+00 9.2913e+00
9.2589e+00 9.2596e+00
9.2272e+00 9.2279e+00
9.1957e+00 9.1965e+00
9.1645e+00 9.1651e+00
9.1334e+00 9.1338e+00
9.1023e+00 9.1026e+00
9.0712e+00 9.0716e+00
9.0401e+00 9.0406e+00
9.0091e+00 9.0097e+00
8.9783e+00 8.9790e+00
8.9476e+00 8.9483e+00
8.9168e+00 8.9178e+00
8.8863e+00 8.8874e+00
8.8559e+00 8.8570e+00
8.8248e+00 8.8268e+00
8.7932e+00 8.7967e+00
8.7610e+00 8.7666e+00
8.7261e+00 8.7367e+00
8.6930e+00 8.7069e+00
8.6618e+00 8.6772e+00
8.6301e+00 8.6476e+00
8.6035e+00 8.6180e+00
8.5788e+00 8.5886e+00
8.5544e+00 8.5593e+00
8.5279e+00 8.5301e+00
8.4975e+00 8.5010e+00
8.4611e+00 8.4719e+00
8.4231e+00 8.4430e+00
8.3899e+00 8.4142e+00
8.3520e+00 8.3855e+00
8.3235e+00 8.3569e+00
8.3040e+00 8.3283e+00
8.2842e+00 8.2999e+00
8.2659e+00 8.2716e+00
8.2421e+00 8.2433e+00
8.2146e+00 8.2152e+00
8.1863e+00 8.1871e+00
8.1582e+00 8.1592e+00
8.1306e+00 8.1313e+00
8.1030e+00 8.1036e+00
8.0743e+00 8.0759e+00
8.0383e+00 8.0483e+00
7.9909e+00 8.0208e+00
7.9542e+00 7.9935e+00
7.9196e+00 7.9662e+00
7.8730e+00 7.9390e+00
7.8525e+00 7.9119e+00
7.8405e+00 7.8848e+00
7.8294e+00 7.8579e+00
7.8220e+00 7.8311e+00
7.8028e+00 7.8044e+00
7.7772e+00 7.7777e+00
7.7507e+00 7.7512e+00
7.7242e+00 7.7247e+00
7.6976e+00 7.6983e+00
7.6709e+00 7.6720e+00
7.6440e+00 7.6458e+00
7.6178e+00 7.6197e+00
7.5926e+00 7.5937e+00
7.5674e+00 7.5678e+00
7.5417e+00 7.5419e+00
7.5159e+00 7.5162e+00
7.4902e+00 7.4905e+00
7.4646e+00 7.4649e+00
7.4390e+00 7.4394e+00
7.4129e+00 7.4140e+00
7.3854e+00 7.3887e+00
7.3582e+00 7.3635e+00
7.3335e+00 7.3383e+00
7.3084e+00 7.3133e+00
7.2802e+00 7.2883e+00
7.2525e+00 7.2634e+00
7.2301e+00 7.2386e+00
7.2096e+00 7.2139e+00
7.1853e+00 7.1892e+00
7.1582e+00 7.1647e+00
7.1325e+00 7.1402e+00
7.1052e+00 7.1158e+00
7.0790e+00 7.0915e+00
7.0577e+00 7.0673e+00
7.0368e+00 7.0432e+00
7.0163e+00 7.0191e+00
6.9943e+00 6.9951e+00
6.9704e+00 6.9713e+00
6.9462e+00 6.9474e+00
6.9228e+00 6.9237e+00
6.8995e+00 6.9001e+00
6.8749e+00 6.8765e+00
6.8459e+00 6.8530e+00
6.8156e+00 6.8296e+00
6.7910e+00 6.8063e+00
6.7618e+00 6.7830e+00
6.7330e+00 6.7599e+00
6.7141e+00 6.7368e+00
6.6955e+00 6.7138e+00
6.6763e+00 6.6908e+00
6.6517e+00 6.6680e+00
6.6189e+00 6.6452e+00
6.5855e+00 6.6225e+00
6.5685e+00 6.5999e+00
6.5635e+00 6.5773e+00
6.5514e+00 6.5549e+00
6.5316e+00 6.5325e+00
6.5097e+00 6.5101e+00
6.4875e+00 6.4879e+00
6.4653e+00 6.4657e+00
6.4432e+00 6.4437e+00
6.4205e+00 6.4216e+00
6.3942e+00 6.3997e+00
6.3585e+00 6.3778e+00
6.3266e+00 6.3561e+00
6.3028e+00 6.3343e+00
6.2671e+00 6.3127e+00
6.2408e+00 6.2911e+00
6.2307e+00 6.2696e+00
6.2144e+00 6.2482e+00
6.2025e+00 6.2269e+00
6.1960e+00 6.2056e+00
6.1819e+00 6.1844e+00
6.1614e+00 6.1633e+00
6.1358e+00 6.1422e+00
6.1059e+00 6.1212e+00
6.0805e+00 6.1003e+00
6.0580e+00 6.0795e+00
6.0318e+00 6.0587e+00
6.0142e+00 6.0380e+00
6.0047e+00 6.0174e+00
5.9912e+00 5.9968e+00
5.9727e+00 5.9763e+00
5.9532e+00 5.9559e+00
5.9335e+00 5.9355e+00
5.9141e+00 5.9153e+00
5.8946e+00 5.8950e+00
5.8746e+00 5.8749e+00
5.8545e+00 5.8548e+00
5.8340e+00 5.8348e+00
5.8121e+00 5.8149e+00
5.7899e+00 5.7950e+00
5.7700e+00 5.7752e+00
5.7491e+00 5.7555e+00
5.7283e+00 5.7358e+00
5.7100e+00 5.7162e+00
5.6916e+00 5.6967e+00
5.6741e+00 5.6772e+00
5.6568e+00 5.6578e+00
5.6382e+00 5.6385e+00
5.6191e+00 5.6192e+00
5.5998e+00 5.6000e+00
5.5803e+00 5.5808e+00
5.5610e+00 5.5618e+00
5.5421e+00 5.5428e+00
5.5235e+00 5.5238e+00
5.5047e+00 5.5049e+00
5.4859e+00 5.4861e+00
5.4662e+00 5.4674e+00
5.4435e+00 5.4487e+00
5.4197e+00 5.4301e+00
5.4009e+00 5.4115e+00
5.3808e+00 5.3930e+00
5.3592e+00 5.3746e+00
5.3418e+00 5.3562e+00
5.3254e+00 5.3379e+00
5.3094e+00 5.3197e+00
5.2968e+00 5.3015e+00
5.2824e+00 5.2834e+00
5.2651e+00 5.2653e+00
5.2472e+00 5.2473e+00
5.2292e+00 5.2294e+00
5.2113e+00 5.2115e+00
5.1935e+00 5.1937e+00
5.1756e+00 5.1759e+00
5.1579e+00 5.1582e+00
5.1403e+00 5.1406e+00
5.1228e+00 5.1230e+00
5.1051e+00 5.1055e+00
5.0873e+00 5.0881e+00
5.0695e+00 5.0707e+00
5.0522e+00 5.0533e+00
5.0351e+00 5.0361e+00
5.0178e+00 5.0188e+00
5.0001e+00 5.0017e+00
4.9788e+00 4.9846e+00
4.9510e+00 4.9676e+00
4.9297e+00 4.9506e+00
4.9142e+00 4.9336e+00
4.8931e+00 4.9168e+00
4.8749e+00 4.9000e+00
4.8584e+00 4.8832e+00
4.8428e+00 4.8665e+00
4.8289e+00 4.8499e+00
4.8225e+00 4.8333e+00
4.8134e+00 4.8168e+00
4.7987e+00 4.8003e+00
4.7830e+00 4.7839e+00
4.7671e+00 4.7675e+00
4.7509e+00 4.7512e+00
4.7346e+00 4.7350e+00
4.7185e+00 4.7188e+00
4.7025e+00 4.7027e+00
4.6864e+00 4.6866e+00
4.6703e+00 4.6706e+00
4.6542e+00 4.6546e+00
4.6380e+00 4.6387e+00
4.6207e+00 4.6228e+00
4.6035e+00 4.6070e+00
4.5878e+00 4.5913e+00
4.5716e+00 4.5756e+00
4.5555e+00 4.5599e+00
4.5401e+00 4.5443e+00
4.5248e+00 4.5288e+00
4.5100e+00 4.5133e+00
4.4964e+00 4.4979e+00
4.4822e+00 4.4825e+00
4.4670e+00 4.4672e+00
4.4516e+00 4.4519e+00
4.4361e+00 4.4367e+00
4.4208e+00 4.4215e+00
4.4055e+00 4.4064e+00
4.3902e+00 4.3913e+00
4.3752e+00 4.3763e+00
4.3607e+00 4.3613e+00
4.3462e+00 4.3464e+00
4.3314e+00 4.3315e+00
4.3166e+00 4.3167e+00
4.3019e+00 4.3020e+00
4.2872e+00 4.2873e+00
4.2723e+00 4.2726e+00
4.2565e+00 4.2580e+00
4.2380e+00 4.2434e+00
4.2209e+00 4.2289e+00
4.2071e+00 4.2144e+00
4.1918e+00 4.2000e+00
4.1775e+00 4.1857e+00
4.1629e+00 4.1714e+00
4.1481e+00 4.1571e+00
4.1343e+00 4.1429e+00
4.1231e+00 4.1287e+00
4.1128e+00 4.1146e+00
4.0998e+00 4.1005e+00
4.0858e+00 4.0865e+00
4.0719e+00 4.0725e+00
4.0579e+00 4.0586e+00
4.0441e+00 4.0447e+00
4.0303e+00 4.0309e+00
4.0165e+00 4.0171e+00
4.0028e+00 4.0033e+00
3.9892e+00 3.9896e+00
3.9757e+00 3.9760e+00
3.9622e+00 3.9624e+00
3.9487e+00 3.9488e+00
3.9352e+00 3.9353e+00
3.9217e+00 3.9219e+00
3.9080e+00 3.9084e+00
3.8941e+00 3.8951e+00
3.8807e+00 3.8818e+00
3.8673e+00 3.8685e+00
3.8540e+00 3.8552e+00
3.8409e+00 3.8421e+00
3.8277e+00 3.8289e+00
3.8144e+00 3.8158e+00
3.7990e+00 3.8028e+00
3.7789e+00 3.7897e+00
3.7621e+00 3.7768e+00
3.7507e+00 3.7639e+00
3.7361e+00 3.7510e+00
3.7261e+00 3.7382e+00
3.7143e+00 3.7254e+00
3.6972e+00 3.7126e+00
3.6837e+00 3.6999e+00
3.6729e+00 3.6873e+00
3.6674e+00 3.6746e+00
3.6606e+00 3.6621e+00
3.6494e+00 3.6495e+00
3.6370e+00 3.6371e+00
3.6244e+00 3.6246e+00
3.6111e+00 3.6122e+00
3.5969e+00 3.5999e+00
3.5839e+00 3.5875e+00
3.5720e+00 3.5753e+00
3.5602e+00 3.5630e+00
3.5486e+00 3.5508e+00
3.5361e+00 3.5387e+00
3.5238e+00 3.5266e+00
3.5119e+00 3.5145e+00
3.5009e+00 3.5025e+00
3.4900e+00 3.4905e+00
3.4784e+00 3.4786e+00
3.4666e+00 3.4667e+00
3.4547e+00 3.4548e+00
3.4429e+00 3.4430e+00
3.4311e+00 3.4312e+00
3.4193e+00 3.4195e+00
3.4075e+00 3.4078e+00
3.3957e+00 3.3961e+00
3.3841e+00 3.3845e+00
3.3725e+00 3.3729e+00
3.3610e+00 3.3613e+00
3.3496e+00 3.3498e+00
3.3382e+00 3.3384e+00
3.3264e+00 3.3270e+00
3.3127e+00 3.3156e+00
3.2950e+00 3.3042e+00
3.2793e+00 3.2929e+00
3.2713e+00 3.2816e+00
3.2656e+00 3.2704e+00
3.2576e+00 3.2592e+00
3.2465e+00 3.2481e+00
3.2323e+00 3.2370e+00
3.2177e+00 3.2259e+00
3.2032e+00 3.2148e+00
3.1868e+00 3.2038e+00
3.1782e+00 3.1929e+00
3.1745e+00 3.1819e+00
3.1648e+00 3.1710e+00
3.1533e+00 3.1602e+00
3.1424e+00 3.1494e+00
3.1339e+00 3.1386e+00
3.1265e+00 3.1279e+00
3.1170e+00 3.1172e+00
3.1064e+00 3.1065e+00
3.0958e+00 3.0959e+00
3.0852e+00 3.0853e+00
3.0746e+00 3.0747e+00
3.0641e+00 3.0642e+00
3.0534e+00 3.0537e+00
3.0426e+00 3.0432e+00
3.0320e+00 3.0328e+00
3.0216e+00 3.0224e+00
3.0112e+00 3.0121e+00
3.0011e+00 3.0018e+00
2.9909e+00 2.9915e+00
2.9805e+00 2.9813e+00
2.9702e+00 2.9711e+00
2.9602e+00 2.9609e+00
2.9505e+00 2.9508e+00
2.9406e+00 2.9407e+00
2.9305e+00 2.9306e+00
2.9205e+00 2.9206e+00
2.9105e+00 2.9106e+00
2.9005e+00 2.9006e+00
2.8906e+00 2.8907e+00
2.8807e+00 2.8808e+00
2.8708e+00 2.8709e+00
2.8609e+00 2.8611e+00
2.8511e+00 2.8513e+00
2.8413e+00 2.8415e+00
2.8306e+00 2.8318e+00
2.8167e+00 2.8221e+00
2.8025e+00 2.8124e+00
2.7937e+00 2.8028e+00
2.7837e+00 2.7932e+00
2.7749e+00 2.7836e+00
2.7705e+00 2.7741e+00
2.7618e+00 2.7646e+00
2.7471e+00 2.7552e+00
2.7334e+00 2.7457e+00
2.7238e+00 2.7363e+00
2.7167e+00 2.7270e+00
2.7128e+00 2.7176e+00
2.7070e+00 2.7083e+00
2.6981e+00 2.6990e+00
2.6881e+00 2.6898e+00
2.6787e+00 2.6806e+00
2.6697e+00 2.6714e+00
2.6613e+00 2.6623e+00
2.6528e+00 2.6531e+00
2.6439e+00 2.6441e+00
2.6349e+00 2.6350e+00
2.6259e+00 2.6260e+00
2.6169e+00 2.6170e+00
2.6079e+00 2.6080e+00
2.5989e+00 2.5991e+00
2.5899e+00 2.5902e+00
2.5811e+00 2.5813e+00
2.5723e+00 2.5725e+00
2.5636e+00 2.5637e+00
2.5547e+00 2.5549e+00
2.5459e+00 2.5462e+00
2.5372e+00 2.5374e+00
2.5285e+00 2.5287e+00
2.5197e+00 2.5201e+00
2.5108e+00 2.5115e+00
2.5022e+00 2.5029e+00
2.4938e+00 2.4943e+00
2.4854e+00 2.4857e+00
2.4769e+00 2.4772e+00
2.4685e+00 2.4687e+00
2.4601e+00 2.4603e+00
2.4518e+00 2.4519e+00
2.4434e+00 2.4435e+00
2.4350e+00 2.4351e+00
2.4267e+00 2.4268e+00
2.4179e+00 2.4185e+00
2.4080e+00 2.4102e+00
2.3982e+00 2.4019e+00
2.3901e+00 2.3937e+00
2.3814e+00 2.3855e+00
2.3741e+00 2.3773e+00
2.3681e+00 2.3692e+00
2.3605e+00 2.3611e+00
2.3509e+00 2.3530e+00
2.3412e+00 2.3449e+00
2.3329e+00 2.3369e+00
2.3252e+00 2.3289e+00
2.3188e+00 2.3209e+00
2.3122e+00 2.3130e+00
2.3045e+00 2.3050e+00
2.2967e+00 2.2971e+00
2.2891e+00 2.2893e+00
2.2813e+00 2.2814e+00
2.2732e+00 2.2736e+00
2.2653e+00 2.2658e+00
2.2576e+00 2.2581e+00
2.2500e+00 2.2503e+00
2.2425e+00 2.2426e+00
2.2349e+00 2.2349e+00
2.2272e+00 2.2273e+00
2.2196e+00 2.2197e+00
2.2119e+00 2.2121e+00
2.2043e+00 2.2045e+00
2.1968e+00 2.1969e+00
2.1893e+00 2.1894e+00
2.1818e+00 2.1819e+00
2.1743e+00 2.1744e+00
2.1669e+00 2.1670e+00
2.1595e+00 2.1596e+00
2.1521e+00 2.1522e+00
2.1447e+00 2.1448e+00
2.1374e+00 2.1374e+00
2.1301e+00 2.1301e+00
2.1227e+00 2.1228e+00
2.1154e+00 2.1155e+00
2.1082e+00 2.1083e+00
2.1010e+00 2.1011e+00
2.0938e+00 2.0939e+00
2.0866e+00 2.0867e+00
2.0794e+00 2.0795e+00
2.0723e+00 2.0724e+00
2.0652e+00 2.0653e+00
2.0581e+00 2.0582e+00
2.0505e+00 2.0512e+00
2.0418e+00 2.0442e+00
2.0316e+00 2.0372e+00
2.0227e+00 2.0302e+00
2.0168e+00 2.0232e+00
2.0094e+00 2.0163e+00
2.0042e+00 2.0094e+00
2.0006e+00 2.0025e+00
1.9945e+00 1.9956e+00
1.9870e+00 1.9888e+00
1.9778e+00 1.9820e+00
1.9680e+00 1.9752e+00
1.9606e+00 1.9684e+00
1.9542e+00 1.9617e+00
1.9506e+00 1.9550e+00
1.9471e+00 1.9483e+00
1.9413e+00 1.9416e+00
1.9348e+00 1.9349e+00
1.9281e+00 1.9283e+00
1.9216e+00 1.9217e+00
1.9151e+00 1.9151e+00
1.9085e+00 1.9085e+00
1.9019e+00 1.9020e+00
1.8953e+00 1.8955e+00
1.8888e+00 1.8890e+00
1.8824e+00 1.8825e+00
1.8760e+00 1.8761e+00
1.8696e+00 1.8696e+00
1.8631e+00 1.8632e+00
1.8567e+00 1.8569e+00
1.8504e+00 1.8505e+00
1.8441e+00 1.8441e+00
1.8378e+00 1.8378e+00
1.8315e+00 1.8315e+00
1.8252e+00 1.8253e+00
1.8190e+00 1.8190e+00
1.8127e+00 1.8128e+00
1.8065e+00 1.8065e+00
1.8003e+00 1.8004e+00
1.7942e+00 1.7942e+00
1.7880e+00 1.7880e+00
1.7819e+00 1.7819e+00
1.7758e+00 1.7758e+00
1.7697e+00 1.7697e+00
1.7636e+00 1.7637e+00
1.7575e+00 1.7576e+00
1.7514e+00 1.7516e+00
1.7448e+00 1.7456e+00
1.7376e+00 1.7396e+00
1.7312e+00 1.7336e+00
1.7253e+00 1.7277e+00
1.7190e+00 1.7218e+00
1.7141e+00 1.7159e+00
1.7094e+00 1.7100e+00
1.7040e+00 1.7041e+00
1.6981e+00 1.6983e+00
1.6916e+00 1.6925e+00
1.6844e+00 1.6867e+00
1.6778e+00 1.6809e+00
1.6720e+00 1.6751e+00
1.6671e+00 1.6694e+00
1.6628e+00 1.6637e+00
1.6577e+00 1.6580e+00
1.6521e+00 1.6523e+00
1.6466e+00 1.6466e+00
1.6409e+00 1.6410e+00
1.6353e+00 1.6353e+00
1.6297e+00 1.6297e+00
1.6240e+00 1.6241e+00
1.6182e+00 1.6186e+00
1.6125e+00 1.6130e+00
1.6071e+00 1.6075e+00
1.6018e+00 1.6020e+00
1.5964e+00 1.5965e+00
1.5910e+00 1.5910e+00
1.5855e+00 1.5856e+00
1.5801e+00 1.5801e+00
1.5746e+00 1.5747e+00
1.5692e+00 1.5693e+00
1.5639e+00 1.5639e+00
1.5585e+00 1.5586e+00
1.5532e+00 1.5532e+00
1.5478e+00 1.5479e+00
1.5425e+00 1.5426e+00
1.5373e+00 1.5373e+00
1.5320e+00 1.5320e+00
1.5267e+00 1.5268e+00
1.5215e+00 1.5215e+00
1.5163e+00 1.5163e+00
1.5111e+00 1.5111e+00
1.5059e+00 1.5060e+00
1.5007e+00 1.5008e+00
1.4956e+00 1.4956e+00
1.4904e+00 1.4905e+00
1.4851e+00 1.4854e+00
1.4797e+00 1.4803e+00
1.4745e+00 1.4752e+00
1.4696e+00 1.4702e+00
1.4645e+00 1.4651e+00
1.4597e+00 1.4601e+00
1.4549e+00 1.4551e+00
1.4500e+00 1.4501e+00
1.4450e+00 1.4451e+00
1.4400e+00 1.4402e+00
1.4346e+00 1.4353e+00
1.4291e+00 1.4303e+00
1.4228e+00 1.4254e+00
1.4161e+00 1.4205e+00
1.4118e+00 1.4157e+00
1.4072e+00 1.4108e+00
1.4020e+00 1.4060e+00
1.3991e+00 1.4012e+00
1.3959e+00 1.3963e+00
1.3914e+00 1.3916e+00
1.3865e+00 1.3868e+00
1.3818e+00 1.3820e+00
1.3768e+00 1.3773e+00
1.3707e+00 1.3726e+00
1.3638e+00 1.3679e+00
1.3580e+00 1.3632e+00
1.3533e+00 1.3585e+00
1.3501e+00 1.3538e+00
1.3459e+00 1.3492e+00
1.3410e+00 1.3446e+00
1.3376e+00 1.3400e+00
1.3346e+00 1.3354e+00
1.3306e+00 1.3308e+00
1.3262e+00 1.3262e+00
1.3216e+00 1.3217e+00
1.3171e+00 1.3171e+00
1.3126e+00 1.3126e+00
1.3081e+00 1.3081e+00
1.3036e+00 1.3036e+00
1.2991e+00 1.2992e+00
1.2947e+00 1.2947e+00
1.2902e+00 1.2903e+00
1.2858e+00 1.2858e+00
1.2814e+00 1.2814e+00
1.2770e+00 1.2770e+00
1.2726e+00 1.2726e+00
1.2683e+00 1.2683e+00
1.2639e+00 1.2639e+00
1.2595e+00 1.2596e+00
1.2552e+00 1.2553e+00
1.2508e+00 1.2510e+00
1.2465e+00 1.2467e+00
1.2422e+00 1.2424e+00
1.2380e+00 1.2381e+00
1.2338e+00 1.2339e+00
1.2296e+00 1.2297e+00
1.2254e+00 1.2254e+00
1.2210e+00 1.2212e+00
1.2160e+00 1.2171e+00
1.2113e+00 1.2129e+00
1.2073e+00 1.2087e+00
1.2030e+00 1.2046e+00
1.1991e+00 1.2004e+00
1.1957e+00 1.1963e+00
1.1919e+00 1.1922e+00
1.1875e+00 1.1881e+00
1.1832e+00 1.1840e+00
1.1795e+00 1.1800e+00
1.1757e+00 1.1759e+00
1.1714e+00 1.1719e+00
1.1667e+00 1.1679e+00
1.1622e+00 1.1639e+00
1.1582e+00 1.1599e+00
1.1549e+00 1.1559e+00
1.1516e+00 1.1519e+00
1.1479e+00 1.1480e+00
1.1440e+00 1.1441e+00
1.1401e+00 1.1401e+00
1.1362e+00 1.1362e+00
1.1323e+00 1.1323e+00
1.1284e+00 1.1284e+00
1.1245e+00 1.1246e+00
1.1207e+00 1.1207e+00
1.1168e+00 1.1169e+00
1.1130e+00 1.1130e+00
1.1092e+00 1.1092e+00
1.1054e+00 1.1054e+00
1.1016e+00 1.1016e+00
1.0978e+00 1.0978e+00
1.0940e+00 1.0941e+00
1.0903e+00 1.0903e+00
1.0865e+00 1.0866e+00
1.0828e+00 1.0828e+00
1.0791e+00 1.0791e+00
1.0754e+00 1.0754e+00
1.0717e+00 1.0717e+00
1.0680e+00 1.0681e+00
1.0643e+00 1.0644e+00
1.0607e+00 1.0607e+00
1.0571e+00 1.0571e+00
1.0534e+00 1.0535e+00
1.0497e+00 1.0499e+00
1.0458e+00 1.0462e+00
1.0410e+00 1.0427e+00
1.0367e+00 1.0391e+00
1.0339e+00 1.0355e+00
1.0313e+00 1.0320e+00
1.0281e+00 1.0284e+00
1.0245e+00 1.0249e+00
1.0211e+00 1.0214e+00
1.0175e+00 1.0179e+00
1.0134e+00 1.0144e+00
1.0088e+00 1.0109e+00
1.0053e+00 1.0074e+00
1.0030e+00 1.0040e+00
1.0003e+00 1.0005e+00
9.9701e-01 9.9709e-01
9.9345e-01 9.9367e-01
9.8988e-01 9.9026e-01
9.8644e-01 9.8686e-01
9.8311e-01 9.8347e-01
9.7993e-01 9.8010e-01
9.7670e-01 9.7673e-01
9.7337e-01 9.7338e-01
9.7002e-01 9.7004e-01
9.6669e-01 9.6671e-01
9.6337e-01 9.6339e-01
9.5997e-01 9.6009e-01
9.5604e-01 9.5679e-01
9.5153e-01 9.5351e-01
9.4812e-01 9.5024e-01
9.4496e-01 9.4697e-01
9.4115e-01 9.4372e-01
9.3883e-01 9.4048e-01
9.3686e-01 9.3726e-01
9.3399e-01 9.3404e-01
9.3078e-01 9.3083e-01
9.2758e-01 9.2764e-01
9.2442e-01 9.2445e-01
9.2126e-01 9.2128e-01
9.1811e-01 9.1812e-01
9.1494e-01 9.1497e-01
9.1154e-01 9.1183e-01
9.0742e-01 9.0870e-01
9.0330e-01 9.0558e-01
9.0003e-01 9.0247e-01
8.9736e-01 8.9937e-01
8.9541e-01 8.9628e-01
8.9306e-01 8.9321e-01
8.9013e-01 8.9014e-01
8.8708e-01 8.8709e-01
8.8402e-01 8.8404e-01
8.8098e-01 8.8101e-01
8.7791e-01 8.7798e-01
8.7485e-01 8.7497e-01
8.7186e-01 8.7196e-01
8.6886e-01 8.6897e-01
8.6589e-01 8.6599e-01
8.6298e-01 8.6301e-01
8.6004e-01 8.6005e-01
8.5709e-01 8.5710e-01
8.5415e-01 8.5416e-01
8.5121e-01 8.5122e-01
8.4828e-01 8.4830e-01
8.4537e-01 8.4539e-01
8.4245e-01 8.4249e-01
8.3953e-01 8.3959e-01
8.3661e-01 8.3671e-01
8.3372e-01 8.3384e-01
8.3087e-01 8.3098e-01
8.2806e-01 8.2812e-01
8.2525e-01 8.2528e-01
8.2241e-01 8.2245e-01
8.1949e-01 8.1962e-01
8.1631e-01 8.1681e-01
8.1326e-01 8.1401e-01
8.1060e-01 8.1121e-01
8.0772e-01 8.0843e-01
8.0503e-01 8.0565e-01
8.0267e-01 8.0288e-01
8.0010e-01 8.0013e-01
7.9737e-01 7.9738e-01
7.9463e-01 7.9464e-01
7.9190e-01 7.9191e-01
7.8918e-01 7.8919e-01
7.8648e-01 7.8648e-01
7.8378e-01 7.8378e-01
7.8108e-01 7.8109e-01
7.7835e-01 7.7841e-01
7.7543e-01 7.7574e-01
7.7241e-01 7.7307e-01
7.6965e-01 7.7042e-01
7.6705e-01 7.6777e-01
7.6432e-01 7.6514e-01
